sku,description,qty_on_hand,last_movement_at,unit_price_gbp,distinct_customers
10002,INFLATABLE POLITICAL GLOBE,67,2010-12-03 11:28:00,1.01,3
15056BL,EDWARDIAN PARASOL BLACK,50,2010-12-02 16:34:00,5.38,4
15056N,EDWARDIAN PARASOL NATURAL,51,2010-12-02 13:49:00,5.53,4
16237,SLEEPING CAT ERASERS,431,2010-12-03 11:19:00,0.26,4
16238,PARTY TIME PENCIL ERASERS,34,2010-12-01 17:06:00,0.36,1
17091A,LAVENDER INCENSE IN TIN,1,2010-12-01 11:21:00,1.25,1
20668,DISCO BALL CHRISTMAS DECORATION,378,2010-12-02 16:59:00,0.21,5
20669,RED HEART LUGGAGE TAG,2,2010-12-01 14:32:00,1.88,1
20679,EDWARDIAN PARASOL RED,70,2010-12-03 11:28:00,5.93,5
20685,DOORMAT RED RETROSPOT,84,2010-12-02 18:25:00,8.27,7
20713,JUMBO BAG OWLS,41,2010-12-01 14:11:00,1.95,3
20717,STRAWBERRY SHOPPER BAG,2,2010-12-01 17:06:00,1.88,1
20723,STRAWBERRY CHARLOTTE BAG,15,2010-12-03 11:28:00,1.34,3
20725,LUNCH BAG RED RETROSPOT,100,2010-12-03 11:28:00,2.91,7
20726,LUNCH BAG WOODLAND,15,2010-12-02 18:45:00,1.65,4
20727,LUNCH BAG  BLACK SKULL.,181,2010-12-03 11:19:00,1.83,9
20728,LUNCH BAG CARS BLUE,25,2010-12-02 19:59:00,1.65,4
20749,ASSORTED COLOUR MINI CASES,44,2010-12-03 09:49:00,7.75,8
20820,SILVER LOOKING MIRROR,3,2010-12-01 11:21:00,4.95,1
20914,SET/5 RED RETROSPOT LID GLASS BOWLS,168,2010-12-02 19:59:00,3.34,12
20961,STRAWBERRY BATH SPONGE,106,2010-12-03 11:19:00,1.75,3
20963,APPLE BATH SPONGE,114,2010-12-03 11:19:00,1.46,5
20966,SANDWICH BATH SPONGE,20,2010-12-02 08:52:00,1.75,3
20982,12 PENCILS TALL TUBE SKULLS,26,2010-12-02 19:59:00,0.85,3
20992,JAZZ HEARTS PURSE NOTEBOOK,22,2010-12-02 11:41:00,1.12,2
21033,JUMBO BAG CHARLIE AND LOLA TOYS,24,2010-12-02 18:45:00,2.95,3
21034,REX CASH+CARRY JUMBO SHOPPER,18,2010-12-03 11:35:00,0.95,8
21035,SET/2 RED RETROSPOT TEA TOWELS,30,2010-12-03 11:28:00,4.22,4
21061,PARTY INVITES FOOTBALL,24,2010-12-02 10:27:00,0.85,2
21062,PARTY INVITES SPACEMAN,24,2010-12-02 10:27:00,0.85,2
21063,PARTY INVITES JAZZ HEARTS,24,2010-12-02 17:12:00,0.85,2
21065,BOOM BOX SPEAKER GIRLS,1,2010-12-01 11:45:00,5.95,1
21068,VINTAGE BILLBOARD LOVE/HATE MUG,110,2010-12-03 11:28:00,1.23,2
21071,VINTAGE BILLBOARD DRINK ME MUG,136,2010-12-03 11:13:00,1.29,4
21080,SET/20 RED RETROSPOT PAPER NAPKINS,249,2010-12-03 11:35:00,0.92,8
21086,SET/6 RED SPOTTY PAPER CUPS,116,2010-12-03 11:13:00,0.82,5
21094,SET/6 RED SPOTTY PAPER PLATES,198,2010-12-03 09:49:00,0.81,6
21108,FAIRY CAKE FLANNEL ASSORTED COLOUR,50,2010-12-03 11:28:00,3.80,3
21115,ROSE CARAVAN DOORSTOP,5,2010-12-01 14:32:00,10.59,1
21116,OWL DOORSTOP,9,2010-12-03 11:28:00,7.30,2
21122,SET/10 PINK POLKADOT PARTY CANDLES,5,2010-12-01 12:49:00,1.25,4
21125,SET 6 FOOTBALL CELEBRATION CANDLES,24,2010-12-02 10:17:00,1.25,2
21126,SET OF 6 GIRLS CELEBRATION CANDLES,12,2010-12-01 11:29:00,1.25,1
21166,COOK WITH WINE METAL SIGN,40,2010-12-03 11:13:00,2.70,4
21169,YOU'RE CONFUSING ME METAL SIGN,32,2010-12-03 11:27:00,2.70,3
21175,GIN + TONIC DIET METAL SIGN,17,2010-12-02 15:55:00,2.63,3
21210,SET OF 72 RETROSPOT PAPER  DOILIES,40,2010-12-03 11:35:00,1.76,4
21212,PACK OF 72 RETROSPOT CAKE CASES,700,2010-12-02 18:27:00,0.60,15
21213,PACK OF 72 SKULL CAKE CASES,100,2010-12-02 17:12:00,0.76,5
21232,STRAWBERRY CERAMIC TRINKET BOX,617,2010-12-03 09:31:00,1.44,8
21242,RED RETROSPOT PLATE,1,2010-12-01 11:49:00,1.69,1
21243,PINK  POLKADOT PLATE,1,2010-12-01 11:49:00,1.69,1
21244,BLUE POLKADOT PLATE,9,2010-12-02 12:47:00,1.69,2
21245,GREEN POLKADOT PLATE,9,2010-12-02 12:47:00,1.69,2
21258,VICTORIAN SEWING BOX LARGE,46,2010-12-03 11:28:00,17.67,6
21314,SMALL GLASS HEART TRINKET POT,99,2010-12-02 15:40:00,2.76,2
21324,HANGING MEDINA LANTERN SMALL,8,2010-12-01 12:54:00,2.95,2
21326,AGED GLASS SILVER T-LIGHT HOLDER,222,2010-12-02 19:18:00,0.64,7
21328,BALLOONS  WRITING SET,31,2010-12-03 10:44:00,1.86,6
21340,CLASSIC METAL BIRDCAGE PLANT HOLDER,5,2010-12-01 17:06:00,15.93,3
21363,HOME SMALL WOOD LETTERS,4,2010-12-01 14:41:00,4.95,2
21411,GINGHAM HEART  DOORSTOP RED,7,2010-12-03 11:28:00,5.66,2
21448,12 DAISY PEGS IN WOOD BOX,8,2010-12-01 11:49:00,1.65,1
21463,MIRRORED DISCO BALL,2,2010-12-02 16:29:00,5.95,3
21464,DISCO BALL ROTATOR BATTERY OPERATED,3,2010-12-02 16:29:00,4.25,2
21479,WHITE SKULL HOT WATER BOTTLE,77,2010-12-03 11:28:00,4.64,10
21484,CHICK GREY HOT WATER BOTTLE,67,2010-12-03 10:43:00,4.10,9
21485,RETROSPOT HEART HOT WATER BOTTLE,74,2010-12-03 10:43:00,4.89,11
21506,"FANCY FONT BIRTHDAY CARD,",216,2010-12-02 18:25:00,0.41,7
21523,DOORMAT FANCY FONT HOME SWEET HOME,26,2010-12-01 15:40:00,8.63,5
21533,RETROSPOT LARGE MILK JUG,22,2010-12-02 15:18:00,4.78,4
21544,SKULLS  WATER TRANSFER TATTOOS,23,2010-12-02 14:09:00,1.12,2
21557,SET OF 6 FUNKY BEAKERS,4,2010-12-03 11:13:00,4.87,1
21559,STRAWBERRY LUNCH BOX WITH CUTLERY,16,2010-12-03 11:27:00,3.80,2
21587,COSY HOUR GIANT TUBE MATCHES,40,2010-12-02 15:46:00,2.55,7
21592,RETROSPOT CIGAR BOX MATCHES,29,2010-12-02 10:17:00,1.25,4
21609,SET 12 LAVENDER  BOTANICAL T-LIGHTS,7,2010-12-01 15:08:00,2.95,2
21622,VINTAGE UNION JACK CUSHION COVER,18,2010-12-01 12:35:00,4.95,2
21672,WHITE SPOT RED CERAMIC DRAWER KNOB,43,2010-12-02 15:18:00,1.25,5
21676,FLOWERS  STICKERS,6,2010-12-01 11:45:00,0.85,1
21678,PAISLEY PATTERN  STICKERS,6,2010-12-01 11:45:00,0.85,1
21705,BAG 500g SWIRLY MARBLES,21,2010-12-01 17:35:00,2.08,3
21724,PANDA AND BUNNIES STICKER SHEET,24,2010-12-02 10:27:00,0.85,2
21730,GLASS STAR FROSTED T-LIGHT HOLDER,107,2010-12-03 10:33:00,4.29,2
21731,RED TOADSTOOL LED NIGHT LIGHT,534,2010-12-03 10:36:00,1.90,10
21733,RED HANGING HEART T-LIGHT HOLDER,113,2010-12-03 11:28:00,3.45,9
21738,COSY SLIPPER SHOES SMALL  RED,15,2010-12-02 12:09:00,2.95,3
21739,COSY SLIPPER SHOES SMALL GREEN,9,2010-12-02 12:09:00,2.95,3
21743,STAR PORTABLE TABLE LIGHT,123,2010-12-02 12:28:00,3.38,5
21744,SNOWFLAKE PORTABLE TABLE LIGHT,2,2010-12-01 11:21:00,2.95,1
21754,HOME BUILDING BLOCK WORD,39,2010-12-02 19:59:00,6.49,10
21755,LOVE BUILDING BLOCK WORD,26,2010-12-03 10:26:00,6.69,7
21756,BATH BUILDING BLOCK WORD,26,2010-12-02 10:53:00,6.69,7
21777,RECIPE BOX WITH METAL HEART,-1,2010-12-01 17:06:00,6.36,3
21786,POLKADOT RAIN HAT,206,2010-12-03 11:28:00,0.61,3
21791,VINTAGE HEADS AND TAILS CARD GAME,406,2010-12-03 11:27:00,1.49,11
21811,CHRISTMAS HANGING HEART WITH BELL,16,2010-12-01 15:40:00,1.56,3
21823,PAINTED METAL HEART WITH HOLLY BELL,9,2010-12-01 15:35:00,1.96,2
21824,PAINTED METAL STAR WITH HOLLY BELLS,3,2010-12-01 11:45:00,1.45,1
21832,CHOCOLATE CALCULATOR,27,2010-12-01 17:06:00,2.22,2
21844,RED RETROSPOT MUG,21,2010-12-02 14:26:00,4.13,3
21866,UNION JACK FLAG LUGGAGE TAG,2,2010-12-01 11:45:00,1.25,1
21867,PINK UNION JACK  LUGGAGE TAG,2,2010-12-01 12:43:00,1.25,2
21871,SAVE THE PLANET MUG,92,2010-12-03 10:09:00,1.34,3
21880,RED RETROSPOT TAPE,22,2010-12-02 10:27:00,0.65,2
21883,STARS GIFT TAPE,49,2010-12-03 11:19:00,0.65,3
21889,WOODEN BOX OF DOMINOES,77,2010-12-03 10:26:00,1.56,6
21891,TRADITIONAL WOODEN SKIPPING ROPE,45,2010-12-02 19:59:00,1.43,6
21907,I'M ON HOLIDAY METAL SIGN,3,2010-12-03 11:35:00,2.10,2
21912,VINTAGE SNAKES & LADDERS,16,2010-12-02 19:59:00,4.72,3
21913,VINTAGE SEASIDE JIGSAW PUZZLES,18,2010-12-03 11:35:00,4.72,3
21914,BLUE HARMONICA IN BOX,80,2010-12-02 15:39:00,1.53,6
21915,RED  HARMONICA IN BOX,1549,2010-12-02 17:38:00,1.51,7
21929,JUMBO BAG PINK VINTAGE PAISLEY,131,2010-12-02 17:40:00,2.44,3
21931,JUMBO STORAGE BAG SUKI,68,2010-12-02 16:00:00,2.23,7
21934,SKULL SHOULDER BAG,11,2010-12-01 17:06:00,2.50,1
21955,DOORMAT UNION JACK GUNS AND ROSES,3,2010-12-02 09:29:00,7.95,2
21975,PACK OF 60 DINOSAUR CAKE CASES,84,2010-12-02 17:12:00,0.84,3
21977,PACK OF 60 PINK PAISLEY CAKE CASES,266,2010-12-02 18:27:00,0.68,8
21980,PACK OF 12 RED RETROSPOT TISSUES,73,2010-12-02 18:15:00,0.29,6
21983,PACK OF 12 BLUE PAISLEY TISSUES,24,2010-12-01 13:24:00,0.29,2
21984,PACK OF 12 PINK PAISLEY TISSUES,26,2010-12-02 15:46:00,0.43,3
22064,PINK DOUGHNUT TRINKET POT,27,2010-12-02 14:40:00,2.50,2
22068,BLACK PIRATE TREASURE CHEST,3,2010-12-01 14:32:00,2.50,1
22074,6 RIBBONS SHIMMERING PINKS,1,2010-12-01 11:45:00,1.65,1
22075,6 RIBBONS ELEGANT CHRISTMAS,86,2010-12-02 15:20:00,1.91,3
22077,6 RIBBONS RUSTIC CHARM,105,2010-12-03 11:36:00,1.99,10
22083,PAPER CHAIN KIT RETROSPOT,47,2010-12-03 11:36:00,3.94,6
22086,PAPER CHAIN KIT 50'S CHRISTMAS,438,2010-12-03 11:36:00,3.25,19
22098,BOUDOIR SQUARE TISSUE BOX,1,2010-12-01 11:21:00,1.25,1
22100,SKULLS SQUARE TISSUE BOX,5,2010-12-01 17:06:00,1.88,2
22109,FULL ENGLISH BREAKFAST PLATE,30,2010-12-03 11:36:00,5.36,3
22110,BIRD HOUSE HOT WATER BOTTLE,13,2010-12-02 11:57:00,3.82,3
22111,SCOTTIE DOG HOT WATER BOTTLE,108,2010-12-03 11:36:00,5.86,14
22112,CHOCOLATE HOT WATER BOTTLE,56,2010-12-03 11:36:00,6.25,10
22114,HOT WATER BOTTLE TEA AND SYMPATHY,125,2010-12-03 11:36:00,4.64,12
22117,METAL SIGN HER DINNER IS SERVED,2,2010-12-01 17:06:00,4.43,1
22127,PARTY CONES CARNIVAL ASSORTED,12,2010-12-01 10:29:00,1.25,1
22128,PARTY CONES CANDY ASSORTED,78,2010-12-03 09:49:00,1.25,3
22139,RETROSPOT TEA SET CERAMIC 11 PC,79,2010-12-01 11:52:00,2.12,1
22141,CHRISTMAS CRAFT TREE TOP ANGEL,20,2010-12-03 11:36:00,3.27,3
22144,CHRISTMAS CRAFT LITTLE FRIENDS,43,2010-12-03 11:36:00,2.94,7
22150,3 STRIPEY MICE FELTCRAFT,21,2010-12-02 14:09:00,1.95,4
22153,ANGEL DECORATION STARS ON DRESS,8,2010-12-03 11:35:00,0.56,2
22168,ORGANISER WOOD ANTIQUE WHITE,2,2010-12-02 12:18:00,8.50,3
22174,PHOTO CUBE,82,2010-12-03 11:36:00,2.15,5
22176,BLUE OWL SOFT TOY,1,2010-12-01 09:41:00,2.95,1
22178,VICTORIAN GLASS HANGING T-LIGHT,106,2010-12-03 11:36:00,1.88,4
22180,RETROSPOT LAMP,16,2010-12-03 09:49:00,9.95,4
22183,CAKE STAND VICTORIAN FILIGREE MED,12,2010-12-02 14:26:00,6.54,3
22188,BLACK HEART CARD HOLDER,51,2010-12-03 11:13:00,5.65,3
22189,CREAM HEART CARD HOLDER,89,2010-12-02 08:43:00,4.94,3
22191,IVORY DINER WALL CLOCK,12,2010-12-02 13:45:00,8.50,3
22192,BLUE DINER WALL CLOCK,6,2010-12-01 13:23:00,8.50,2
22193,RED DINER WALL CLOCK,7,2010-12-02 18:08:00,8.50,3
22195,LARGE HEART MEASURING SPOONS,42,2010-12-03 11:36:00,2.38,4
22196,SMALL HEART MEASURING SPOONS,33,2010-12-03 11:36:00,1.25,3
22197,SMALL POPCORN HOLDER,386,2010-12-03 11:36:00,1.03,15
22198,LARGE POPCORN HOLDER,167,2010-12-03 11:36:00,2.06,9
22219,LOVEBIRD HANGING DECORATION WHITE,56,2010-12-03 11:36:00,1.08,5
22224,WHITE LOVEBIRD LANTERN,9,2010-12-03 11:36:00,4.92,1
22242,5 HOOK HANGER MAGIC TOADSTOOL,24,2010-12-01 14:33:00,1.65,4
22243,5 HOOK HANGER RED MAGIC TOADSTOOL,22,2010-12-01 13:04:00,1.65,2
22261,FELT EGG COSY WHITE RABBIT,3,2010-12-01 17:06:00,1.25,1
22262,FELT EGG COSY CHICKEN,4,2010-12-01 17:06:00,1.25,1
22271,FELTCRAFT DOLL ROSIE,12,2010-12-03 11:36:00,3.54,4
22273,FELTCRAFT DOLL MOLLY,8,2010-12-03 11:36:00,3.44,3
22274,FELTCRAFT DOLL EMILY,19,2010-12-03 11:36:00,3.44,5
22296,HEART IVORY TRELLIS LARGE,42,2010-12-02 14:26:00,2.08,3
22297,HEART IVORY TRELLIS SMALL,52,2010-12-03 11:28:00,1.75,3
22310,IVORY KNITTED MUG COSY,29,2010-12-03 11:36:00,2.50,2
22318,FIVE HEART HANGING DECORATION,19,2010-12-02 11:41:00,3.69,3
22326,ROUND SNACK BOXES SET OF4 WOODLAND,74,2010-12-03 11:36:00,3.32,7
22327,ROUND SNACK BOXES SET OF 4 SKULLS,5,2010-12-02 19:18:00,2.95,3
22328,ROUND SNACK BOXES SET OF 4 FRUITS,93,2010-12-02 17:12:00,2.88,6
22338,STAR DECORATION PAINTED ZINC,31,2010-12-03 11:36:00,0.86,2
22349,DOG BOWL CHASING BALL DESIGN,13,2010-12-02 13:14:00,3.75,2
22352,LUNCH BOX WITH CUTLERY RETROSPOT,16,2010-12-03 11:36:00,4.06,2
22371,AIRLINE BAG VINTAGE TOKYO 78,16,2010-12-03 11:36:00,5.83,3
22379,RECYCLING BAG RETROSPOT,56,2010-12-03 11:36:00,2.68,8
22381,TOY TIDY PINK POLKADOT,52,2010-12-03 11:36:00,3.42,1
22382,LUNCH BAG SPACEBOY DESIGN,39,2010-12-03 11:36:00,1.97,7
22383,LUNCH BAG SUKI  DESIGN,42,2010-12-03 11:28:00,2.40,5
22384,LUNCH BAG PINK POLKADOT,21,2010-12-03 11:36:00,2.22,6
22386,JUMBO BAG PINK POLKADOT,71,2010-12-03 11:28:00,2.80,7
22411,JUMBO SHOPPER VINTAGE RED PAISLEY,141,2010-12-02 14:06:00,1.91,8
22413,METAL SIGN TAKE IT OR LEAVE IT,25,2010-12-03 11:36:00,4.13,3
22417,PACK OF 60 SPACEBOY CAKE CASES,24,2010-12-01 11:29:00,0.55,1
22418,10 COLOUR SPACEBOY PEN,196,2010-12-03 11:36:00,1.03,7
22424,ENAMEL BREAD BIN CREAM,15,2010-12-03 11:36:00,17.49,3
22427,ENAMEL FLOWER JUG CREAM,9,2010-12-02 19:59:00,7.13,4
22428,ENAMEL FIRE BUCKET CREAM,16,2010-12-02 15:55:00,8.20,5
22435,SET OF 9 HEART SHAPED BALLOONS,3,2010-12-02 15:46:00,1.25,2
22438,BALLOON ART MAKE YOUR OWN FLOWERS,1,2010-12-01 09:41:00,1.95,1
22441,GROW YOUR OWN BASIL IN ENAMEL MUG,13,2010-12-02 13:49:00,2.10,5
22449,SILK PURSE BABUSHKA PINK,21,2010-12-03 11:35:00,3.92,5
22451,SILK PURSE BABUSHKA RED,15,2010-12-03 11:35:00,4.33,5
22457,NATURAL SLATE HEART CHALKBOARD,81,2010-12-03 11:36:00,3.86,9
22464,HANGING METAL HEART LANTERN,36,2010-12-02 17:48:00,1.65,3
22465,HANGING METAL STAR LANTERN,60,2010-12-02 17:48:00,1.65,4
22466,FAIRY TALE COTTAGE NIGHTLIGHT,491,2010-12-03 11:36:00,2.24,5
22467,GUMBALL COAT RACK,130,2010-12-03 11:13:00,3.31,3
22468,BABUSHKA LIGHTS STRING OF 10,18,2010-12-03 10:43:00,6.75,8
22469,HEART OF WICKER SMALL,241,2010-12-03 11:36:00,2.17,13
22470,HEART OF WICKER LARGE,67,2010-12-03 11:36:00,3.60,10
22473,TV DINNER TRAY VINTAGE PAISLEY,2,2010-12-03 11:36:00,7.98,1
22488,NATURAL SLATE RECTANGLE CHALKBOARD,12,2010-12-01 11:41:00,1.65,1
22492,MINI PAINT SET VINTAGE,398,2010-12-03 11:36:00,0.78,6
22502,PICNIC BASKET WICKER SMALL,65,2010-12-03 11:28:00,6.55,8
22531,MAGIC DRAWING SLATE CIRCUS PARADE,64,2010-12-03 11:36:00,0.60,4
22533,MAGIC DRAWING SLATE BAKE A CAKE,72,2010-12-02 15:20:00,0.38,2
22537,MAGIC DRAWING SLATE DINOSAUR,26,2010-12-03 11:19:00,0.56,2
22540,MINI JIGSAW CIRCUS PARADE,75,2010-12-03 11:36:00,0.59,3
22544,MINI JIGSAW SPACEBOY,98,2010-12-03 11:36:00,0.56,4
22549,PICTURE DOMINOES,100,2010-12-03 11:36:00,1.83,7
22553,PLASTERS IN TIN SKULLS,25,2010-12-03 11:36:00,2.04,8
22556,PLASTERS IN TIN CIRCUS PARADE,36,2010-12-02 10:17:00,1.65,3
22557,PLASTERS IN TIN VINTAGE PAISLEY,58,2010-12-02 15:46:00,1.81,10
22558,CLOTHES PEGS RETROSPOT PACK 24,193,2010-12-03 11:36:00,1.60,9
22568,FELTCRAFT CUSHION OWL,31,2010-12-03 11:36:00,4.14,8
22569,FELTCRAFT CUSHION BUTTERFLY,23,2010-12-03 11:36:00,5.30,5
22570,FELTCRAFT CUSHION RABBIT,27,2010-12-02 16:46:00,4.23,7
22610,PENS ASSORTED FUNNY FACE,36,2010-12-01 11:41:00,0.85,1
22619,SET OF 6 SOLDIER SKITTLES,38,2010-12-03 11:36:00,4.45,9
22620,4 TRADITIONAL SPINNING TOPS,56,2010-12-03 11:36:00,1.79,4
22622,BOX OF VINTAGE ALPHABET BLOCKS,19,2010-12-03 11:36:00,12.77,6
22623,BOX OF VINTAGE JIGSAW BLOCKS,16,2010-12-03 10:26:00,4.95,4
22629,SPACEBOY LUNCH BOX,132,2010-12-03 11:36:00,2.45,4
22630,DOLLY GIRL LUNCH BOX,105,2010-12-03 11:36:00,2.23,4
22631,CIRCUS PARADE LUNCH BOX,25,2010-12-02 17:17:00,2.52,3
22632,HAND WARMER RED POLKA DOT,418,2010-12-03 11:35:00,2.19,22
22633,HAND WARMER UNION JACK,335,2010-12-03 11:35:00,1.98,17
22637,PIGGY BANK RETROSPOT,46,2010-12-02 11:45:00,2.91,6
22644,CERAMIC CHERRY CAKE MONEY BANK,14,2010-12-01 14:32:00,2.09,2
22646,CERAMIC STRAWBERRY CAKE MONEY BANK,186,2010-12-02 19:59:00,1.69,6
22652,TRAVEL SEWING KIT,60,2010-12-02 17:17:00,1.65,9
22654,DELUXE SEWING KIT,49,2010-12-03 11:36:00,7.50,4
22659,LUNCH BOX I LOVE LONDON,418,2010-12-03 11:28:00,2.12,8
22661,CHARLOTTE BAG DOLLY GIRL DESIGN,43,2010-12-03 11:36:00,0.98,4
22662,LUNCH BAG DOLLY GIRL DESIGN,19,2010-12-02 11:57:00,2.16,4
22663,JUMBO BAG DOLLY GIRL DESIGN,20,2010-12-02 11:57:00,2.40,4
22664,TOY TIDY DOLLY GIRL DESIGN,10,2010-12-03 11:36:00,3.37,2
22706,WRAP COWBOYS,25,2010-12-01 11:41:00,0.42,1
22714,CARD BIRTHDAY COWBOY,12,2010-12-01 11:41:00,0.42,1
22716,CARD CIRCUS PARADE,37,2010-12-02 16:12:00,0.42,3
22719,GUMBALL MONOCHROME COAT RACK,37,2010-12-01 14:32:00,1.78,1
22726,ALARM CLOCK BAKELIKE GREEN,121,2010-12-03 11:36:00,4.23,13
22727,ALARM CLOCK BAKELIKE RED,183,2010-12-03 09:45:00,4.07,10
22728,ALARM CLOCK BAKELIKE PINK,83,2010-12-03 11:36:00,4.86,5
22729,ALARM CLOCK BAKELIKE ORANGE,27,2010-12-02 14:47:00,4.30,6
22730,ALARM CLOCK BAKELIKE IVORY,54,2010-12-03 09:45:00,4.18,8
22736,RIBBON REEL MAKING SNOWMEN,35,2010-12-03 11:36:00,1.99,4
22745,POPPY'S PLAYHOUSE BEDROOM,42,2010-12-03 11:36:00,2.55,9
22748,POPPY'S PLAYHOUSE KITCHEN,25,2010-12-03 11:36:00,2.80,6
22749,FELTCRAFT PRINCESS CHARLOTTE DOLL,24,2010-12-02 19:59:00,4.14,5
22751,FELTCRAFT PRINCESS OLIVIA DOLL,4,2010-12-02 19:59:00,5.04,2
22752,SET 7 BABUSHKA NESTING BOXES,241,2010-12-03 11:36:00,8.26,11
22759,SET OF 3 NOTEBOOKS IN PARCEL,70,2010-12-03 11:36:00,2.16,6
22766,PHOTO FRAME CORNICE,20,2010-12-03 11:13:00,3.54,4
22767,TRIPLE PHOTO FRAME CORNICE,7,2010-12-02 13:39:00,9.95,5
22768,FAMILY PHOTO FRAME CORNICE,23,2010-12-03 11:36:00,11.11,8
22771,CLEAR DRAWER KNOB ACRYLIC EDWARDIAN,106,2010-12-02 18:27:00,1.25,7
22772,PINK DRAWER KNOB ACRYLIC EDWARDIAN,76,2010-12-03 11:28:00,1.61,5
22773,GREEN DRAWER KNOB ACRYLIC EDWARDIAN,24,2010-12-01 15:21:00,1.25,2
22774,RED DRAWER KNOB ACRYLIC EDWARDIAN,84,2010-12-02 15:18:00,1.25,4
22778,GLASS BELL JAR SMALL,30,2010-12-02 16:45:00,3.81,4
22779,WOODEN OWLS LIGHT GARLAND,208,2010-12-02 16:29:00,3.96,3
22780,LIGHT GARLAND BUTTERFILES PINK,196,2010-12-02 12:50:00,3.96,3
22783,SET 3 WICKER OVAL BASKETS W LIDS,7,2010-12-02 10:53:00,19.20,4
22785,SQUARECUSHION COVER PINK UNION FLAG,12,2010-12-03 11:36:00,8.46,4
22798,ANTIQUE GLASS DRESSING TABLE POT,34,2010-12-03 11:36:00,3.84,6
22803,IVORY EMBROIDERED QUILT,17,2010-12-02 15:26:00,35.75,1
22804,CANDLEHOLDER PINK HANGING HEART,20,2010-12-03 11:28:00,3.44,5
22805,BLUE DRAWER KNOB ACRYLIC EDWARDIAN,25,2010-12-01 17:06:00,1.67,2
22809,SET OF 6 T-LIGHTS SANTA,9,2010-12-03 11:36:00,3.69,3
22810,SET OF 6 T-LIGHTS SNOWMEN,11,2010-12-03 11:36:00,3.94,4
22812,PACK 3 BOXES CHRISTMAS PANNETONE,73,2010-12-03 11:36:00,2.63,7
22813,PACK 3 BOXES BIRD PANNETONE,34,2010-12-03 11:36:00,3.08,4
22827,RUSTIC  SEVENTEEN DRAWER SIDEBOARD,1,2010-12-01 10:29:00,165.00,1
22835,HOT WATER BOTTLE I AM SO POORLY,53,2010-12-03 11:36:00,6.59,4
22837,HOT WATER BOTTLE BABUSHKA,105,2010-12-03 11:36:00,5.50,13
22838,3 TIER CAKE TIN RED AND CREAM,4,2010-12-03 11:27:00,19.90,1
22839,3 TIER CAKE TIN GREEN AND CREAM,5,2010-12-03 11:28:00,19.19,4
22848,BREAD BIN DINER STYLE PINK,10,2010-12-02 13:08:00,16.28,3
22851,SET 20 NAPKINS FAIRY CAKES DESIGN,5,2010-12-03 11:36:00,1.12,2
22865,HAND WARMER OWL DESIGN,377,2010-12-03 11:36:00,2.33,21
22866,HAND WARMER SCOTTY DOG DESIGN,381,2010-12-03 11:36:00,2.29,22
22867,HAND WARMER BIRD DESIGN,292,2010-12-03 11:36:00,2.35,18
22900,SET 2 TEA TOWELS I LOVE LONDON,56,2010-12-03 11:36:00,3.47,10
22910,PAPER CHAIN KIT VINTAGE CHRISTMAS,376,2010-12-03 11:36:00,3.22,19
22912,YELLOW COAT RACK PARIS FASHION,4,2010-12-03 11:35:00,4.95,2
22913,RED COAT RACK PARIS FASHION,4,2010-12-03 11:35:00,4.95,2
22914,BLUE COAT RACK PARIS FASHION,11,2010-12-03 11:35:00,4.95,4
22915,ASSORTED BOTTLE TOP  MAGNETS,50,2010-12-03 11:36:00,2.28,3
22922,FRIDGE MAGNETS US DINER ASSORTED,12,2010-12-01 09:59:00,0.85,1
22923,FRIDGE MAGNETS LES ENFANTS ASSORTED,24,2010-12-02 11:02:00,0.85,2
22926,IVORY GIANT GARDEN THERMOMETER,27,2010-12-03 11:36:00,6.69,7
22940,FELTCRAFT CHRISTMAS FAIRY,34,2010-12-03 11:35:00,5.02,8
22941,CHRISTMAS LIGHTS 10 REINDEER,30,2010-12-03 11:35:00,9.11,13
22960,JAM MAKING SET WITH JARS,107,2010-12-03 11:35:00,4.58,18
22961,JAM MAKING SET PRINTED,353,2010-12-03 11:35:00,1.58,27
22962,JAM JAR WITH PINK LID,112,2010-12-02 18:27:00,0.95,6
22963,JAM JAR WITH GREEN LID,111,2010-12-02 18:27:00,0.93,7
22964,3 PIECE SPACEBOY COOKIE CUTTER SET,42,2010-12-03 11:27:00,2.36,7
22968,ROSE COTTAGE KEEPSAKE BOX,35,2010-12-03 11:35:00,10.70,7
22969,HOMEMADE JAM SCENTED CANDLES,286,2010-12-02 18:27:00,1.65,16
22972,CHILDREN'S SPACEBOY MUG,34,2010-12-02 15:46:00,2.03,6
22975,SPACEBOY CHILDRENS EGG CUP,20,2010-12-02 14:14:00,1.67,3
35004B,SET OF 3 BLACK FLYING DUCKS,7,2010-12-02 17:30:00,4.65,1
35004C,SET OF 3 COLOURED  FLYING DUCKS,176,2010-12-02 13:08:00,4.97,5
35004G,SET OF 3 GOLD FLYING DUCKS,4,2010-12-01 10:03:00,6.35,1
37370,RETRO COFFEE MUGS ASSORTED,205,2010-12-03 11:28:00,3.60,6
37444A,YELLOW BREAKFAST CUP AND SAUCER,1,2010-12-01 09:41:00,2.95,1
37444C,PINK BREAKFAST CUP AND SAUCER,2,2010-12-01 17:06:00,4.43,1
47570B,TEA TIME TABLE CLOTH,2,2010-12-02 18:08:00,10.65,2
47580,TEA TIME DES TEA COSY,3,2010-12-01 14:32:00,3.80,1
48129,DOORMAT TOPIARY,14,2010-12-01 15:00:00,7.65,4
48185,DOORMAT FAIRY CAKE,10,2010-12-02 14:26:00,7.95,4
48187,DOORMAT NEW ENGLAND,39,2010-12-02 15:20:00,9.27,3
48194,DOORMAT HEARTS,77,2010-12-02 15:19:00,9.01,4
71053,WHITE METAL LANTERN,128,2010-12-03 11:28:00,3.92,2
71270,PHOTO CLIP LINE,4,2010-12-01 09:41:00,1.25,1
72802C,VANILLA SCENT CANDLE JEWELLED BOX,4,2010-12-01 17:35:00,4.25,2
79321,CHILLI LIGHTS,334,2010-12-03 10:43:00,5.54,9
82482,WOODEN PICTURE FRAME WHITE FINISH,96,2010-12-02 18:15:00,2.13,2
82483,WOOD 2 DRAWER CABINET WHITE FINISH,65,2010-12-03 11:35:00,5.16,5
82484,WOOD BLACK BOARD ANT WHITE FINISH,8,2010-12-03 11:27:00,8.23,3
82486,WOOD S/3 CABINET ANT WHITE FINISH,60,2010-12-02 18:15:00,7.17,5
82494L,WOODEN FRAME ANTIQUE WHITE,137,2010-12-02 19:59:00,2.69,8
82567,"AIRLINE LOUNGE,METAL SIGN",14,2010-12-02 15:55:00,2.10,2
82578,KITCHEN METAL SIGN,27,2010-12-02 16:42:00,0.84,3
82580,BATHROOM METAL SIGN,32,2010-12-03 11:28:00,0.97,3
82581,TOILET METAL SIGN,27,2010-12-03 11:28:00,0.73,3
84029E,RED WOOLLY HOTTIE WHITE HEART.,686,2010-12-02 16:46:00,3.73,11
84029G,KNITTED UNION FLAG HOT WATER BOTTLE,211,2010-12-03 11:28:00,4.13,7
84030E,ENGLISH ROSE HOT WATER BOTTLE,29,2010-12-01 14:03:00,4.08,3
84347,ROTATING SILVER ANGELS T-LIGHT HLDR,-8886,2010-12-03 10:43:00,2.62,12
84375,SET OF 20 KIDS COOKIE CUTTERS,104,2010-12-03 11:28:00,2.80,6
84378,SET OF 3 HEART COOKIE CUTTERS,27,2010-12-02 16:12:00,1.75,3
84380,SET OF 3 BUTTERFLY COOKIE CUTTERS,25,2010-12-02 13:14:00,1.75,3
84406B,CREAM CUPID HEARTS COAT HANGER,125,2010-12-02 17:41:00,2.83,4
84509A,SET OF 4 ENGLISH ROSE PLACEMATS,8,2010-12-02 11:41:00,5.04,2
84510A,SET OF 4 ENGLISH ROSE COASTERS,14,2010-12-02 11:41:00,1.67,2
84519A,TOMATO CHARLIE+LOLA COASTER SET,6,2010-12-01 09:37:00,2.95,1
84625A,PINK NEW BAROQUECANDLESTICK CANDLE,7,2010-12-03 11:35:00,3.69,3
84625C,BLUE NEW BAROQUE CANDLESTICK CANDLE,16,2010-12-01 12:15:00,2.95,3
84709B,PINK OVAL JEWELLED MIRROR,1,2010-12-01 11:21:00,5.95,1
84744,S/6 SEW ON CROCHET FLOWERS,2,2010-12-01 17:35:00,1.25,2
84755,COLOUR GLASS T-LIGHT HOLDER HANGING,140,2010-12-02 13:14:00,0.75,5
84832,ZINC WILLIE WINKIE  CANDLE STICK,26,2010-12-03 11:28:00,1.20,4
84854,GIRLY PINK TOOL SET,5,2010-12-01 09:41:00,4.95,1
84879,ASSORTED COLOUR BIRD ORNAMENT,727,2010-12-02 18:27:00,1.76,17
84880,WHITE WIRE EGG HOLDER,48,2010-12-02 17:40:00,4.95,1
84906,PINK B'FLY C/COVER W BOBBLES,1,2010-12-01 11:45:00,5.95,1
84949,SILVER HANGING T-LIGHT HOLDER,25,2010-12-02 13:32:00,1.99,4
84969,BOX OF 6 ASSORTED COLOUR TEASPOONS,8,2010-12-01 17:06:00,5.66,2
84970L,SINGLE HEART ZINC T-LIGHT HOLDER,76,2010-12-02 11:41:00,1.12,6
84970S,HANGING HEART ZINC T-LIGHT HOLDER,171,2010-12-02 17:48:00,1.06,4
84971S,SMALL HEART FLOWERS HOOK,33,2010-12-02 11:41:00,1.12,2
84991,60 TEATIME FAIRY CAKE CASES,247,2010-12-03 11:35:00,0.62,8
84992,72 SWEETHEART FAIRY CAKE CASES,98,2010-12-02 11:41:00,0.79,4
84997B,RED 3 PIECE RETROSPOT CUTLERY SET,28,2010-12-02 19:18:00,3.75,5
84997C,BLUE 3 PIECE POLKADOT CUTLERY SET,21,2010-12-02 11:57:00,3.75,4
85014A,BLACK/BLUE POLKADOT UMBRELLA,15,2010-12-02 19:18:00,5.95,6
85014B,RED RETROSPOT UMBRELLA,17,2010-12-02 17:48:00,7.30,4
85049A,TRADITIONAL CHRISTMAS RIBBONS,62,2010-12-03 11:35:00,1.39,8
85049C,ROMANTIC PINKS RIBBONS,19,2010-12-03 10:33:00,1.25,3
85049D,BRIGHT BLUES RIBBONS,17,2010-12-03 10:33:00,1.25,2
85049E,SCANDINAVIAN REDS RIBBONS,69,2010-12-03 10:33:00,1.46,8
85049G,CHOCOLATE BOX RIBBONS,33,2010-12-03 10:33:00,1.67,4
85071B,RED CHARLIE+LOLA PERSONAL DOORSIGN,96,2010-12-01 09:37:00,0.38,1
85099B,JUMBO BAG RED RETROSPOT,611,2010-12-03 11:35:00,2.40,14
85099C,JUMBO  BAG BAROQUE BLACK WHITE,141,2010-12-01 15:37:00,1.89,5
85099F,JUMBO BAG STRAWBERRY,52,2010-12-02 15:00:00,2.52,3
85116,BLACK CANDELABRA T-LIGHT HOLDER,154,2010-12-02 15:20:00,1.52,3
85123A,WHITE HANGING HEART T-LIGHT HOLDER,769,2010-12-03 11:19:00,2.88,20
85150,LADIES & GENTLEMEN METAL SIGN,26,2010-12-02 11:22:00,3.18,3
85152,HAND OVER THE CHOCOLATE   SIGN,74,2010-12-03 11:28:00,2.80,4
85169B,BLACK LOVE BIRD CANDLE,36,2010-12-01 12:15:00,1.25,2
85183B,CHARLIE & LOLA WASTEPAPER BIN FLORA,48,2010-12-01 09:37:00,1.25,1
90129F,RED GLASS TASSLE BAG CHARM,1,2010-12-01 11:45:00,2.95,1
90199C,5 STRAND GLASS NECKLACE CRYSTAL,6,2010-12-01 11:45:00,6.35,1
90210B,CLEAR ACRYLIC FACETED BANGLE,1,2010-12-01 11:45:00,2.95,1
D,Discount,-1,2010-12-01 09:41:00,27.50,1
POST,POSTAGE,12,2010-12-03 10:44:00,20.71,7
