movement_id,sku,description,qty,moved_at,invoice_no,unit_price_gbp,customer_id,country
mv-0000000,85123A,WHITE HANGING HEART T-LIGHT HOLDER,6,2010-12-01 08:26:00,536365,2.55,17850,United Kingdom
mv-0000001,71053,WHITE METAL LANTERN,6,2010-12-01 08:26:00,536365,3.39,17850,United Kingdom
mv-0000002,84406B,CREAM CUPID HEARTS COAT HANGER,8,2010-12-01 08:26:00,536365,2.75,17850,United Kingdom
mv-0000003,84029G,KNITTED UNION FLAG HOT WATER BOTTLE,6,2010-12-01 08:26:00,536365,3.39,17850,United Kingdom
mv-0000004,84029E,RED WOOLLY HOTTIE WHITE HEART.,6,2010-12-01 08:26:00,536365,3.39,17850,United Kingdom
mv-0000005,22752,SET 7 BABUSHKA NESTING BOXES,2,2010-12-01 08:26:00,536365,7.65,17850,United Kingdom
mv-0000006,21730,GLASS STAR FROSTED T-LIGHT HOLDER,6,2010-12-01 08:26:00,536365,4.25,17850,United Kingdom
mv-0000007,22633,HAND WARMER UNION JACK,6,2010-12-01 08:28:00,536366,1.85,17850,United Kingdom
mv-0000008,22632,HAND WARMER RED POLKA DOT,6,2010-12-01 08:28:00,536366,1.85,17850,United Kingdom
mv-0000009,84879,ASSORTED COLOUR BIRD ORNAMENT,32,2010-12-01 08:34:00,536367,1.69,13047,United Kingdom
mv-0000010,22745,POPPY'S PLAYHOUSE BEDROOM,6,2010-12-01 08:34:00,536367,2.10,13047,United Kingdom
mv-0000011,22748,POPPY'S PLAYHOUSE KITCHEN,6,2010-12-01 08:34:00,536367,2.10,13047,United Kingdom
mv-0000012,22749,FELTCRAFT PRINCESS CHARLOTTE DOLL,8,2010-12-01 08:34:00,536367,3.75,13047,United Kingdom
mv-0000013,22310,IVORY KNITTED MUG COSY,6,2010-12-01 08:34:00,536367,1.65,13047,United Kingdom
mv-0000014,84969,BOX OF 6 ASSORTED COLOUR TEASPOONS,6,2010-12-01 08:34:00,536367,4.25,13047,United Kingdom
mv-0000015,22623,BOX OF VINTAGE JIGSAW BLOCKS,3,2010-12-01 08:34:00,536367,4.95,13047,United Kingdom
mv-0000016,22622,BOX OF VINTAGE ALPHABET BLOCKS,2,2010-12-01 08:34:00,536367,9.95,13047,United Kingdom
mv-0000017,21754,HOME BUILDING BLOCK WORD,3,2010-12-01 08:34:00,536367,5.95,13047,United Kingdom
mv-0000018,21755,LOVE BUILDING BLOCK WORD,3,2010-12-01 08:34:00,536367,5.95,13047,United Kingdom
mv-0000019,21777,RECIPE BOX WITH METAL HEART,4,2010-12-01 08:34:00,536367,7.95,13047,United Kingdom
mv-0000020,48187,DOORMAT NEW ENGLAND,4,2010-12-01 08:34:00,536367,7.95,13047,United Kingdom
mv-0000021,22960,JAM MAKING SET WITH JARS,6,2010-12-01 08:34:00,536368,4.25,13047,United Kingdom
mv-0000022,22913,RED COAT RACK PARIS FASHION,3,2010-12-01 08:34:00,536368,4.95,13047,United Kingdom
mv-0000023,22912,YELLOW COAT RACK PARIS FASHION,3,2010-12-01 08:34:00,536368,4.95,13047,United Kingdom
mv-0000024,22914,BLUE COAT RACK PARIS FASHION,3,2010-12-01 08:34:00,536368,4.95,13047,United Kingdom
mv-0000025,21756,BATH BUILDING BLOCK WORD,3,2010-12-01 08:35:00,536369,5.95,13047,United Kingdom
mv-0000026,22728,ALARM CLOCK BAKELIKE PINK,24,2010-12-01 08:45:00,536370,3.75,12583,France
mv-0000027,22727,ALARM CLOCK BAKELIKE RED,24,2010-12-01 08:45:00,536370,3.75,12583,France
mv-0000028,22726,ALARM CLOCK BAKELIKE GREEN,12,2010-12-01 08:45:00,536370,3.75,12583,France
mv-0000029,21724,PANDA AND BUNNIES STICKER SHEET,12,2010-12-01 08:45:00,536370,0.85,12583,France
mv-0000030,21883,STARS GIFT TAPE,24,2010-12-01 08:45:00,536370,0.65,12583,France
mv-0000031,10002,INFLATABLE POLITICAL GLOBE,48,2010-12-01 08:45:00,536370,0.85,12583,France
mv-0000032,21791,VINTAGE HEADS AND TAILS CARD GAME,24,2010-12-01 08:45:00,536370,1.25,12583,France
mv-0000033,21035,SET/2 RED RETROSPOT TEA TOWELS,18,2010-12-01 08:45:00,536370,2.95,12583,France
mv-0000034,22326,ROUND SNACK BOXES SET OF4 WOODLAND,24,2010-12-01 08:45:00,536370,2.95,12583,France
mv-0000035,22629,SPACEBOY LUNCH BOX,24,2010-12-01 08:45:00,536370,1.95,12583,France
mv-0000036,22659,LUNCH BOX I LOVE LONDON,24,2010-12-01 08:45:00,536370,1.95,12583,France
mv-0000037,22631,CIRCUS PARADE LUNCH BOX,24,2010-12-01 08:45:00,536370,1.95,12583,France
mv-0000038,22661,CHARLOTTE BAG DOLLY GIRL DESIGN,20,2010-12-01 08:45:00,536370,0.85,12583,France
mv-0000039,21731,RED TOADSTOOL LED NIGHT LIGHT,24,2010-12-01 08:45:00,536370,1.65,12583,France
mv-0000040,22900,SET 2 TEA TOWELS I LOVE LONDON,24,2010-12-01 08:45:00,536370,2.95,12583,France
mv-0000041,21913,VINTAGE SEASIDE JIGSAW PUZZLES,12,2010-12-01 08:45:00,536370,3.75,12583,France
mv-0000042,22540,MINI JIGSAW CIRCUS PARADE,24,2010-12-01 08:45:00,536370,0.42,12583,France
mv-0000043,22544,MINI JIGSAW SPACEBOY,24,2010-12-01 08:45:00,536370,0.42,12583,France
mv-0000044,22492,MINI PAINT SET VINTAGE,36,2010-12-01 08:45:00,536370,0.65,12583,France
mv-0000045,POST,POSTAGE,3,2010-12-01 08:45:00,536370,18.00,12583,France
mv-0000046,22086,PAPER CHAIN KIT 50'S CHRISTMAS,80,2010-12-01 09:00:00,536371,2.55,13748,United Kingdom
mv-0000047,22632,HAND WARMER RED POLKA DOT,6,2010-12-01 09:01:00,536372,1.85,17850,United Kingdom
mv-0000048,22633,HAND WARMER UNION JACK,6,2010-12-01 09:01:00,536372,1.85,17850,United Kingdom
mv-0000049,85123A,WHITE HANGING HEART T-LIGHT HOLDER,6,2010-12-01 09:02:00,536373,2.55,17850,United Kingdom
mv-0000050,71053,WHITE METAL LANTERN,6,2010-12-01 09:02:00,536373,3.39,17850,United Kingdom
mv-0000051,84406B,CREAM CUPID HEARTS COAT HANGER,8,2010-12-01 09:02:00,536373,2.75,17850,United Kingdom
mv-0000052,20679,EDWARDIAN PARASOL RED,6,2010-12-01 09:02:00,536373,4.95,17850,United Kingdom
mv-0000053,37370,RETRO COFFEE MUGS ASSORTED,6,2010-12-01 09:02:00,536373,1.06,17850,United Kingdom
mv-0000054,21871,SAVE THE PLANET MUG,6,2010-12-01 09:02:00,536373,1.06,17850,United Kingdom
mv-0000055,21071,VINTAGE BILLBOARD DRINK ME MUG,6,2010-12-01 09:02:00,536373,1.06,17850,United Kingdom
mv-0000056,21068,VINTAGE BILLBOARD LOVE/HATE MUG,6,2010-12-01 09:02:00,536373,1.06,17850,United Kingdom
mv-0000057,82483,WOOD 2 DRAWER CABINET WHITE FINISH,2,2010-12-01 09:02:00,536373,4.95,17850,United Kingdom
mv-0000058,82486,WOOD S/3 CABINET ANT WHITE FINISH,4,2010-12-01 09:02:00,536373,6.95,17850,United Kingdom
mv-0000059,82482,WOODEN PICTURE FRAME WHITE FINISH,6,2010-12-01 09:02:00,536373,2.10,17850,United Kingdom
mv-0000060,82494L,WOODEN FRAME ANTIQUE WHITE,6,2010-12-01 09:02:00,536373,2.55,17850,United Kingdom
mv-0000061,84029G,KNITTED UNION FLAG HOT WATER BOTTLE,6,2010-12-01 09:02:00,536373,3.39,17850,United Kingdom
mv-0000062,84029E,RED WOOLLY HOTTIE WHITE HEART.,6,2010-12-01 09:02:00,536373,3.39,17850,United Kingdom
mv-0000063,22752,SET 7 BABUSHKA NESTING BOXES,2,2010-12-01 09:02:00,536373,7.65,17850,United Kingdom
mv-0000064,21730,GLASS STAR FROSTED T-LIGHT HOLDER,6,2010-12-01 09:02:00,536373,4.25,17850,United Kingdom
mv-0000065,21258,VICTORIAN SEWING BOX LARGE,32,2010-12-01 09:09:00,536374,10.95,15100,United Kingdom
mv-0000066,85123A,WHITE HANGING HEART T-LIGHT HOLDER,6,2010-12-01 09:32:00,536375,2.55,17850,United Kingdom
mv-0000067,71053,WHITE METAL LANTERN,6,2010-12-01 09:32:00,536375,3.39,17850,United Kingdom
mv-0000068,84406B,CREAM CUPID HEARTS COAT HANGER,8,2010-12-01 09:32:00,536375,2.75,17850,United Kingdom
mv-0000069,20679,EDWARDIAN PARASOL RED,6,2010-12-01 09:32:00,536375,4.95,17850,United Kingdom
mv-0000070,37370,RETRO COFFEE MUGS ASSORTED,6,2010-12-01 09:32:00,536375,1.06,17850,United Kingdom
mv-0000071,21871,SAVE THE PLANET MUG,6,2010-12-01 09:32:00,536375,1.06,17850,United Kingdom
mv-0000072,21071,VINTAGE BILLBOARD DRINK ME MUG,6,2010-12-01 09:32:00,536375,1.06,17850,United Kingdom
mv-0000073,21068,VINTAGE BILLBOARD LOVE/HATE MUG,6,2010-12-01 09:32:00,536375,1.06,17850,United Kingdom
mv-0000074,82483,WOOD 2 DRAWER CABINET WHITE FINISH,2,2010-12-01 09:32:00,536375,4.95,17850,United Kingdom
mv-0000075,82486,WOOD S/3 CABINET ANT WHITE FINISH,4,2010-12-01 09:32:00,536375,6.95,17850,United Kingdom
mv-0000076,82482,WOODEN PICTURE FRAME WHITE FINISH,6,2010-12-01 09:32:00,536375,2.10,17850,United Kingdom
mv-0000077,82494L,WOODEN FRAME ANTIQUE WHITE,6,2010-12-01 09:32:00,536375,2.55,17850,United Kingdom
mv-0000078,84029G,KNITTED UNION FLAG HOT WATER BOTTLE,6,2010-12-01 09:32:00,536375,3.39,17850,United Kingdom
mv-0000079,84029E,RED WOOLLY HOTTIE WHITE HEART.,6,2010-12-01 09:32:00,536375,3.39,17850,United Kingdom
mv-0000080,22752,SET 7 BABUSHKA NESTING BOXES,2,2010-12-01 09:32:00,536375,7.65,17850,United Kingdom
mv-0000081,21730,GLASS STAR FROSTED T-LIGHT HOLDER,6,2010-12-01 09:32:00,536375,4.25,17850,United Kingdom
mv-0000082,22114,HOT WATER BOTTLE TEA AND SYMPATHY,48,2010-12-01 09:32:00,536376,3.45,15291,United Kingdom
mv-0000083,21733,RED HANGING HEART T-LIGHT HOLDER,64,2010-12-01 09:32:00,536376,2.55,15291,United Kingdom
mv-0000084,22632,HAND WARMER RED POLKA DOT,6,2010-12-01 09:34:00,536377,1.85,17850,United Kingdom
mv-0000085,22633,HAND WARMER UNION JACK,6,2010-12-01 09:34:00,536377,1.85,17850,United Kingdom
mv-0000086,22386,JUMBO BAG PINK POLKADOT,10,2010-12-01 09:37:00,536378,1.95,14688,United Kingdom
mv-0000087,85099C,JUMBO  BAG BAROQUE BLACK WHITE,10,2010-12-01 09:37:00,536378,1.95,14688,United Kingdom
mv-0000088,21033,JUMBO BAG CHARLIE AND LOLA TOYS,10,2010-12-01 09:37:00,536378,2.95,14688,United Kingdom
mv-0000089,20723,STRAWBERRY CHARLOTTE BAG,10,2010-12-01 09:37:00,536378,0.85,14688,United Kingdom
mv-0000090,84997B,RED 3 PIECE RETROSPOT CUTLERY SET,12,2010-12-01 09:37:00,536378,3.75,14688,United Kingdom
mv-0000091,84997C,BLUE 3 PIECE POLKADOT CUTLERY SET,6,2010-12-01 09:37:00,536378,3.75,14688,United Kingdom
mv-0000092,21094,SET/6 RED SPOTTY PAPER PLATES,12,2010-12-01 09:37:00,536378,0.85,14688,United Kingdom
mv-0000093,20725,LUNCH BAG RED RETROSPOT,10,2010-12-01 09:37:00,536378,1.65,14688,United Kingdom
mv-0000094,21559,STRAWBERRY LUNCH BOX WITH CUTLERY,6,2010-12-01 09:37:00,536378,2.55,14688,United Kingdom
mv-0000095,22352,LUNCH BOX WITH CUTLERY RETROSPOT,6,2010-12-01 09:37:00,536378,2.55,14688,United Kingdom
mv-0000096,21212,PACK OF 72 RETROSPOT CAKE CASES,120,2010-12-01 09:37:00,536378,0.42,14688,United Kingdom
mv-0000097,21975,PACK OF 60 DINOSAUR CAKE CASES,24,2010-12-01 09:37:00,536378,0.55,14688,United Kingdom
mv-0000098,21977,PACK OF 60 PINK PAISLEY CAKE CASES,24,2010-12-01 09:37:00,536378,0.55,14688,United Kingdom
mv-0000099,84991,60 TEATIME FAIRY CAKE CASES,24,2010-12-01 09:37:00,536378,0.55,14688,United Kingdom
mv-0000100,84519A,TOMATO CHARLIE+LOLA COASTER SET,6,2010-12-01 09:37:00,536378,2.95,14688,United Kingdom
mv-0000101,85183B,CHARLIE & LOLA WASTEPAPER BIN FLORA,48,2010-12-01 09:37:00,536378,1.25,14688,United Kingdom
mv-0000102,85071B,RED CHARLIE+LOLA PERSONAL DOORSIGN,96,2010-12-01 09:37:00,536378,0.38,14688,United Kingdom
mv-0000103,21931,JUMBO STORAGE BAG SUKI,10,2010-12-01 09:37:00,536378,1.95,14688,United Kingdom
mv-0000104,21929,JUMBO BAG PINK VINTAGE PAISLEY,10,2010-12-01 09:37:00,536378,1.95,14688,United Kingdom
mv-0000105,22961,JAM MAKING SET PRINTED,24,2010-12-01 09:41:00,536380,1.45,17809,United Kingdom
mv-0000106,22139,RETROSPOT TEA SET CERAMIC 11 PC,23,2010-12-01 09:41:00,536381,4.25,15311,United Kingdom
mv-0000107,84854,GIRLY PINK TOOL SET,5,2010-12-01 09:41:00,536381,4.95,15311,United Kingdom
mv-0000108,22411,JUMBO SHOPPER VINTAGE RED PAISLEY,10,2010-12-01 09:41:00,536381,1.95,15311,United Kingdom
mv-0000109,82567,"AIRLINE LOUNGE,METAL SIGN",2,2010-12-01 09:41:00,536381,2.10,15311,United Kingdom
mv-0000110,21672,WHITE SPOT RED CERAMIC DRAWER KNOB,6,2010-12-01 09:41:00,536381,1.25,15311,United Kingdom
mv-0000111,22774,RED DRAWER KNOB ACRYLIC EDWARDIAN,24,2010-12-01 09:41:00,536381,1.25,15311,United Kingdom
mv-0000112,22771,CLEAR DRAWER KNOB ACRYLIC EDWARDIAN,24,2010-12-01 09:41:00,536381,1.25,15311,United Kingdom
mv-0000113,71270,PHOTO CLIP LINE,1,2010-12-01 09:41:00,536381,1.25,15311,United Kingdom
mv-0000114,22262,FELT EGG COSY CHICKEN,1,2010-12-01 09:41:00,536381,0.85,15311,United Kingdom
mv-0000115,22637,PIGGY BANK RETROSPOT,1,2010-12-01 09:41:00,536381,2.55,15311,United Kingdom
mv-0000116,21934,SKULL SHOULDER BAG,10,2010-12-01 09:41:00,536381,1.65,15311,United Kingdom
mv-0000117,21169,YOU'RE CONFUSING ME METAL SIGN,3,2010-12-01 09:41:00,536381,1.69,15311,United Kingdom
mv-0000118,21166,COOK WITH WINE METAL SIGN,1,2010-12-01 09:41:00,536381,1.95,15311,United Kingdom
mv-0000119,21175,GIN + TONIC DIET METAL SIGN,2,2010-12-01 09:41:00,536381,2.10,15311,United Kingdom
mv-0000120,37444A,YELLOW BREAKFAST CUP AND SAUCER,1,2010-12-01 09:41:00,536381,2.95,15311,United Kingdom
mv-0000121,37444C,PINK BREAKFAST CUP AND SAUCER,1,2010-12-01 09:41:00,536381,2.95,15311,United Kingdom
mv-0000122,22086,PAPER CHAIN KIT 50'S CHRISTMAS,4,2010-12-01 09:41:00,536381,2.95,15311,United Kingdom
mv-0000123,22083,PAPER CHAIN KIT RETROSPOT,1,2010-12-01 09:41:00,536381,2.95,15311,United Kingdom
mv-0000124,84971S,SMALL HEART FLOWERS HOOK,6,2010-12-01 09:41:00,536381,0.85,15311,United Kingdom
mv-0000125,71270,PHOTO CLIP LINE,3,2010-12-01 09:41:00,536381,1.25,15311,United Kingdom
mv-0000126,47580,TEA TIME DES TEA COSY,2,2010-12-01 09:41:00,536381,2.55,15311,United Kingdom
mv-0000127,22261,FELT EGG COSY WHITE RABBIT,1,2010-12-01 09:41:00,536381,0.85,15311,United Kingdom
mv-0000128,84832,ZINC WILLIE WINKIE  CANDLE STICK,1,2010-12-01 09:41:00,536381,0.85,15311,United Kingdom
mv-0000129,22644,CERAMIC CHERRY CAKE MONEY BANK,1,2010-12-01 09:41:00,536381,1.45,15311,United Kingdom
mv-0000130,21533,RETROSPOT LARGE MILK JUG,1,2010-12-01 09:41:00,536381,4.95,15311,United Kingdom
mv-0000131,21557,SET OF 6 FUNKY BEAKERS,2,2010-12-01 09:41:00,536381,2.95,15311,United Kingdom
mv-0000132,15056BL,EDWARDIAN PARASOL BLACK,2,2010-12-01 09:41:00,536381,5.95,15311,United Kingdom
mv-0000133,15056N,EDWARDIAN PARASOL NATURAL,2,2010-12-01 09:41:00,536381,5.95,15311,United Kingdom
mv-0000134,22646,CERAMIC STRAWBERRY CAKE MONEY BANK,4,2010-12-01 09:41:00,536381,1.45,15311,United Kingdom
mv-0000135,22176,BLUE OWL SOFT TOY,1,2010-12-01 09:41:00,536381,2.95,15311,United Kingdom
mv-0000136,22438,BALLOON ART MAKE YOUR OWN FLOWERS,1,2010-12-01 09:41:00,536381,1.95,15311,United Kingdom
mv-0000137,21731,RED TOADSTOOL LED NIGHT LIGHT,2,2010-12-01 09:41:00,536381,1.65,15311,United Kingdom
mv-0000138,22778,GLASS CLOCHE SMALL,3,2010-12-01 09:41:00,536381,3.95,15311,United Kingdom
mv-0000139,22719,GUMBALL MONOCHROME COAT RACK,36,2010-12-01 09:41:00,536381,1.06,15311,United Kingdom
mv-0000140,21523,DOORMAT FANCY FONT HOME SWEET HOME,10,2010-12-01 09:41:00,536381,6.75,15311,United Kingdom
mv-0000141,D,Discount,-1,2010-12-01 09:41:00,C536379,27.50,14527,United Kingdom
mv-0000142,10002,INFLATABLE POLITICAL GLOBE,12,2010-12-01 09:45:00,536382,0.85,16098,United Kingdom
mv-0000143,21912,VINTAGE SNAKES & LADDERS,8,2010-12-01 09:45:00,536382,3.75,16098,United Kingdom
mv-0000144,21832,CHOCOLATE CALCULATOR,12,2010-12-01 09:45:00,536382,1.65,16098,United Kingdom
mv-0000145,22411,JUMBO SHOPPER VINTAGE RED PAISLEY,10,2010-12-01 09:45:00,536382,1.95,16098,United Kingdom
mv-0000146,22379,RECYCLING BAG RETROSPOT,10,2010-12-01 09:45:00,536382,2.10,16098,United Kingdom
mv-0000147,22381,TOY TIDY PINK POLKADOT,50,2010-12-01 09:45:00,536382,1.85,16098,United Kingdom
mv-0000148,22798,ANTIQUE GLASS DRESSING TABLE POT,8,2010-12-01 09:45:00,536382,2.95,16098,United Kingdom
mv-0000149,22726,ALARM CLOCK BAKELIKE GREEN,4,2010-12-01 09:45:00,536382,3.75,16098,United Kingdom
mv-0000150,22926,IVORY GIANT GARDEN THERMOMETER,12,2010-12-01 09:45:00,536382,5.95,16098,United Kingdom
mv-0000151,22839,3 TIER CAKE TIN GREEN AND CREAM,2,2010-12-01 09:45:00,536382,14.95,16098,United Kingdom
mv-0000152,22838,3 TIER CAKE TIN RED AND CREAM,2,2010-12-01 09:45:00,536382,14.95,16098,United Kingdom
mv-0000153,22783,SET 3 WICKER OVAL BASKETS W LIDS,4,2010-12-01 09:45:00,536382,16.95,16098,United Kingdom
mv-0000154,35004C,SET OF 3 COLOURED  FLYING DUCKS,-1,2010-12-01 09:49:00,C536383,4.65,15311,United Kingdom
mv-0000155,82484,WOOD BLACK BOARD ANT WHITE FINISH,3,2010-12-01 09:53:00,536384,6.45,18074,United Kingdom
mv-0000156,84755,COLOUR GLASS T-LIGHT HOLDER HANGING,48,2010-12-01 09:53:00,536384,0.65,18074,United Kingdom
mv-0000157,22464,HANGING METAL HEART LANTERN,12,2010-12-01 09:53:00,536384,1.65,18074,United Kingdom
mv-0000158,21324,HANGING MEDINA LANTERN SMALL,6,2010-12-01 09:53:00,536384,2.95,18074,United Kingdom
mv-0000159,22457,NATURAL SLATE HEART CHALKBOARD,12,2010-12-01 09:53:00,536384,2.95,18074,United Kingdom
mv-0000160,22469,HEART OF WICKER SMALL,40,2010-12-01 09:53:00,536384,1.45,18074,United Kingdom
mv-0000161,22470,HEART OF WICKER LARGE,40,2010-12-01 09:53:00,536384,2.55,18074,United Kingdom
mv-0000162,22224,WHITE LOVEBIRD LANTERN,6,2010-12-01 09:53:00,536384,2.95,18074,United Kingdom
mv-0000163,21340,CLASSIC METAL BIRDCAGE PLANT HOLDER,2,2010-12-01 09:53:00,536384,12.75,18074,United Kingdom
mv-0000164,22189,CREAM HEART CARD HOLDER,4,2010-12-01 09:53:00,536384,3.95,18074,United Kingdom
mv-0000165,22427,ENAMEL FLOWER JUG CREAM,3,2010-12-01 09:53:00,536384,5.95,18074,United Kingdom
mv-0000166,22428,ENAMEL FIRE BUCKET CREAM,6,2010-12-01 09:53:00,536384,6.95,18074,United Kingdom
mv-0000167,22424,ENAMEL BREAD BIN CREAM,8,2010-12-01 09:53:00,536384,10.95,18074,United Kingdom
mv-0000168,22783,SET 3 WICKER OVAL BASKETS W LIDS,1,2010-12-01 09:56:00,536385,19.95,17420,United Kingdom
mv-0000169,22961,JAM MAKING SET PRINTED,12,2010-12-01 09:56:00,536385,1.45,17420,United Kingdom
mv-0000170,22960,JAM MAKING SET WITH JARS,6,2010-12-01 09:56:00,536385,4.25,17420,United Kingdom
mv-0000171,22663,JUMBO BAG DOLLY GIRL DESIGN,10,2010-12-01 09:56:00,536385,1.95,17420,United Kingdom
mv-0000172,85049A,TRADITIONAL CHRISTMAS RIBBONS,12,2010-12-01 09:56:00,536385,1.25,17420,United Kingdom
mv-0000173,22168,ORGANISER WOOD ANTIQUE WHITE,2,2010-12-01 09:56:00,536385,8.50,17420,United Kingdom
mv-0000174,22662,LUNCH BAG DOLLY GIRL DESIGN,10,2010-12-01 09:56:00,536385,1.65,17420,United Kingdom
mv-0000175,84880,WHITE WIRE EGG HOLDER,36,2010-12-01 09:57:00,536386,4.95,16029,United Kingdom
mv-0000176,85099C,JUMBO  BAG BAROQUE BLACK WHITE,100,2010-12-01 09:57:00,536386,1.65,16029,United Kingdom
mv-0000177,85099B,JUMBO BAG RED RETROSPOT,100,2010-12-01 09:57:00,536386,1.65,16029,United Kingdom
mv-0000178,79321,CHILLI LIGHTS,192,2010-12-01 09:58:00,536387,3.82,16029,United Kingdom
mv-0000179,22780,LIGHT GARLAND BUTTERFILES PINK,192,2010-12-01 09:58:00,536387,3.37,16029,United Kingdom
mv-0000180,22779,WOODEN OWLS LIGHT GARLAND,192,2010-12-01 09:58:00,536387,3.37,16029,United Kingdom
mv-0000181,22466,FAIRY TALE COTTAGE NIGHTLIGHT,432,2010-12-01 09:58:00,536387,1.45,16029,United Kingdom
mv-0000182,21731,RED TOADSTOOL LED NIGHT LIGHT,432,2010-12-01 09:58:00,536387,1.25,16029,United Kingdom
mv-0000183,21754,HOME BUILDING BLOCK WORD,3,2010-12-01 09:59:00,536388,5.95,16250,United Kingdom
mv-0000184,21755,LOVE BUILDING BLOCK WORD,3,2010-12-01 09:59:00,536388,5.95,16250,United Kingdom
mv-0000185,21523,DOORMAT FANCY FONT HOME SWEET HOME,2,2010-12-01 09:59:00,536388,7.95,16250,United Kingdom
mv-0000186,21363,HOME SMALL WOOD LETTERS,3,2010-12-01 09:59:00,536388,4.95,16250,United Kingdom
mv-0000187,21411,GINGHAM HEART  DOORSTOP RED,3,2010-12-01 09:59:00,536388,4.25,16250,United Kingdom
mv-0000188,22318,FIVE HEART HANGING DECORATION,6,2010-12-01 09:59:00,536388,2.95,16250,United Kingdom
mv-0000189,22464,HANGING METAL HEART LANTERN,12,2010-12-01 09:59:00,536388,1.65,16250,United Kingdom
mv-0000190,22915,ASSORTED BOTTLE TOP  MAGNETS,12,2010-12-01 09:59:00,536388,0.42,16250,United Kingdom
mv-0000191,22922,FRIDGE MAGNETS US DINER ASSORTED,12,2010-12-01 09:59:00,536388,0.85,16250,United Kingdom
mv-0000192,22969,HOMEMADE JAM SCENTED CANDLES,12,2010-12-01 09:59:00,536388,1.45,16250,United Kingdom
mv-0000193,22923,FRIDGE MAGNETS LES ENFANTS ASSORTED,12,2010-12-01 09:59:00,536388,0.85,16250,United Kingdom
mv-0000194,21115,ROSE CARAVAN DOORSTOP,4,2010-12-01 09:59:00,536388,6.75,16250,United Kingdom
mv-0000195,22469,HEART OF WICKER SMALL,12,2010-12-01 09:59:00,536388,1.65,16250,United Kingdom
mv-0000196,22242,5 HOOK HANGER MAGIC TOADSTOOL,12,2010-12-01 09:59:00,536388,1.65,16250,United Kingdom
mv-0000197,22941,CHRISTMAS LIGHTS 10 REINDEER,6,2010-12-01 10:03:00,536389,8.50,12431,Australia
mv-0000198,21622,VINTAGE UNION JACK CUSHION COVER,8,2010-12-01 10:03:00,536389,4.95,12431,Australia
mv-0000199,21791,VINTAGE HEADS AND TAILS CARD GAME,12,2010-12-01 10:03:00,536389,1.25,12431,Australia
mv-0000200,35004C,SET OF 3 COLOURED  FLYING DUCKS,6,2010-12-01 10:03:00,536389,5.45,12431,Australia
mv-0000201,35004G,SET OF 3 GOLD FLYING DUCKS,4,2010-12-01 10:03:00,536389,6.35,12431,Australia
mv-0000202,85014B,RED RETROSPOT UMBRELLA,6,2010-12-01 10:03:00,536389,5.95,12431,Australia
mv-0000203,85014A,BLACK/BLUE POLKADOT UMBRELLA,3,2010-12-01 10:03:00,536389,5.95,12431,Australia
mv-0000204,22193,RED DINER WALL CLOCK,2,2010-12-01 10:03:00,536389,8.50,12431,Australia
mv-0000205,22726,ALARM CLOCK BAKELIKE GREEN,4,2010-12-01 10:03:00,536389,3.75,12431,Australia
mv-0000206,22727,ALARM CLOCK BAKELIKE RED,4,2010-12-01 10:03:00,536389,3.75,12431,Australia
mv-0000207,22192,BLUE DINER WALL CLOCK,2,2010-12-01 10:03:00,536389,8.50,12431,Australia
mv-0000208,22191,IVORY DINER WALL CLOCK,2,2010-12-01 10:03:00,536389,8.50,12431,Australia
mv-0000209,22195,LARGE HEART MEASURING SPOONS,24,2010-12-01 10:03:00,536389,1.65,12431,Australia
mv-0000210,22196,SMALL HEART MEASURING SPOONS,24,2010-12-01 10:03:00,536389,0.85,12431,Australia
mv-0000211,22941,CHRISTMAS LIGHTS 10 REINDEER,2,2010-12-01 10:19:00,536390,8.50,17511,United Kingdom
mv-0000212,22960,JAM MAKING SET WITH JARS,12,2010-12-01 10:19:00,536390,3.75,17511,United Kingdom
mv-0000213,22961,JAM MAKING SET PRINTED,12,2010-12-01 10:19:00,536390,1.45,17511,United Kingdom
mv-0000214,22962,JAM JAR WITH PINK LID,48,2010-12-01 10:19:00,536390,0.72,17511,United Kingdom
mv-0000215,22963,JAM JAR WITH GREEN LID,48,2010-12-01 10:19:00,536390,0.72,17511,United Kingdom
mv-0000216,22968,ROSE COTTAGE KEEPSAKE BOX,8,2010-12-01 10:19:00,536390,8.50,17511,United Kingdom
mv-0000217,84970S,HANGING HEART ZINC T-LIGHT HOLDER,144,2010-12-01 10:19:00,536390,0.64,17511,United Kingdom
mv-0000218,22910,PAPER CHAIN KIT VINTAGE CHRISTMAS,40,2010-12-01 10:19:00,536390,2.55,17511,United Kingdom
mv-0000219,20668,DISCO BALL CHRISTMAS DECORATION,288,2010-12-01 10:19:00,536390,0.10,17511,United Kingdom
mv-0000220,85123A,WHITE HANGING HEART T-LIGHT HOLDER,64,2010-12-01 10:19:00,536390,2.55,17511,United Kingdom
mv-0000221,22197,SMALL POPCORN HOLDER,100,2010-12-01 10:19:00,536390,0.72,17511,United Kingdom
mv-0000222,22198,LARGE POPCORN HOLDER,50,2010-12-01 10:19:00,536390,1.45,17511,United Kingdom
mv-0000223,21533,RETROSPOT LARGE MILK JUG,12,2010-12-01 10:19:00,536390,4.25,17511,United Kingdom
mv-0000224,21080,SET/20 RED RETROSPOT PAPER NAPKINS,96,2010-12-01 10:19:00,536390,0.64,17511,United Kingdom
mv-0000225,21094,SET/6 RED SPOTTY PAPER PLATES,96,2010-12-01 10:19:00,536390,0.64,17511,United Kingdom
mv-0000226,21086,SET/6 RED SPOTTY PAPER CUPS,48,2010-12-01 10:19:00,536390,0.65,17511,United Kingdom
mv-0000227,21786,POLKADOT RAIN HAT,144,2010-12-01 10:19:00,536390,0.32,17511,United Kingdom
mv-0000228,22654,DELUXE SEWING KIT,40,2010-12-01 10:19:00,536390,4.95,17511,United Kingdom
mv-0000229,21485,RETROSPOT HEART HOT WATER BOTTLE,24,2010-12-01 10:19:00,536390,4.25,17511,United Kingdom
mv-0000230,84029G,KNITTED UNION FLAG HOT WATER BOTTLE,24,2010-12-01 10:19:00,536390,3.39,17511,United Kingdom
mv-0000231,84030E,ENGLISH ROSE HOT WATER BOTTLE,24,2010-12-01 10:19:00,536390,3.75,17511,United Kingdom
mv-0000232,22174,PHOTO CUBE,48,2010-12-01 10:19:00,536390,1.48,17511,United Kingdom
mv-0000233,22969,HOMEMADE JAM SCENTED CANDLES,96,2010-12-01 10:19:00,536390,1.25,17511,United Kingdom
mv-0000234,85099B,JUMBO BAG RED RETROSPOT,100,2010-12-01 10:19:00,536390,1.65,17511,United Kingdom
mv-0000235,22556,PLASTERS IN TIN CIRCUS PARADE,-12,2010-12-01 10:24:00,C536391,1.65,17548,United Kingdom
mv-0000236,21984,PACK OF 12 PINK PAISLEY TISSUES,-24,2010-12-01 10:24:00,C536391,0.29,17548,United Kingdom
mv-0000237,21983,PACK OF 12 BLUE PAISLEY TISSUES,-24,2010-12-01 10:24:00,C536391,0.29,17548,United Kingdom
mv-0000238,21980,PACK OF 12 RED RETROSPOT TISSUES,-24,2010-12-01 10:24:00,C536391,0.29,17548,United Kingdom
mv-0000239,21484,CHICK GREY HOT WATER BOTTLE,-12,2010-12-01 10:24:00,C536391,3.45,17548,United Kingdom
mv-0000240,22557,PLASTERS IN TIN VINTAGE PAISLEY,-12,2010-12-01 10:24:00,C536391,1.65,17548,United Kingdom
mv-0000241,22553,PLASTERS IN TIN SKULLS,-24,2010-12-01 10:24:00,C536391,1.65,17548,United Kingdom
mv-0000242,22150,3 STRIPEY MICE FELTCRAFT,6,2010-12-01 10:29:00,536392,1.95,13705,United Kingdom
mv-0000243,22619,SET OF 6 SOLDIER SKITTLES,4,2010-12-01 10:29:00,536392,3.75,13705,United Kingdom
mv-0000244,21891,TRADITIONAL WOODEN SKIPPING ROPE,12,2010-12-01 10:29:00,536392,1.25,13705,United Kingdom
mv-0000245,21889,WOODEN BOX OF DOMINOES,12,2010-12-01 10:29:00,536392,1.25,13705,United Kingdom
mv-0000246,22827,RUSTIC  SEVENTEEN DRAWER SIDEBOARD,1,2010-12-01 10:29:00,536392,165.00,13705,United Kingdom
mv-0000247,22127,PARTY CONES CARNIVAL ASSORTED,12,2010-12-01 10:29:00,536392,1.25,13705,United Kingdom
mv-0000248,22128,PARTY CONES CANDY ASSORTED,12,2010-12-01 10:29:00,536392,1.25,13705,United Kingdom
mv-0000249,22502,PICNIC BASKET WICKER SMALL,4,2010-12-01 10:29:00,536392,5.95,13705,United Kingdom
mv-0000250,84879,ASSORTED COLOUR BIRD ORNAMENT,16,2010-12-01 10:29:00,536392,1.69,13705,United Kingdom
mv-0000251,22338,STAR DECORATION PAINTED ZINC,24,2010-12-01 10:29:00,536392,0.65,13705,United Kingdom
mv-0000252,22180,RETROSPOT LAMP,8,2010-12-01 10:37:00,536393,9.95,13747,United Kingdom
mv-0000253,21506,"FANCY FONT BIRTHDAY CARD,",24,2010-12-01 10:39:00,536394,0.42,13408,United Kingdom
mv-0000254,22633,HAND WARMER UNION JACK,96,2010-12-01 10:39:00,536394,1.85,13408,United Kingdom
mv-0000255,22866,HAND WARMER SCOTTY DOG DESIGN,96,2010-12-01 10:39:00,536394,1.85,13408,United Kingdom
mv-0000256,22865,HAND WARMER OWL DESIGN,96,2010-12-01 10:39:00,536394,1.85,13408,United Kingdom
mv-0000257,22632,HAND WARMER RED RETROSPOT,96,2010-12-01 10:39:00,536394,1.85,13408,United Kingdom
mv-0000258,21485,RETROSPOT HEART HOT WATER BOTTLE,12,2010-12-01 10:39:00,536394,4.95,13408,United Kingdom
mv-0000259,22349,DOG BOWL CHASING BALL DESIGN,12,2010-12-01 10:39:00,536394,3.75,13408,United Kingdom
mv-0000260,22558,CLOTHES PEGS RETROSPOT PACK 24,48,2010-12-01 10:39:00,536394,1.25,13408,United Kingdom
mv-0000261,85152,HAND OVER THE CHOCOLATE   SIGN,12,2010-12-01 10:39:00,536394,2.10,13408,United Kingdom
mv-0000262,85123A,WHITE HANGING HEART T-LIGHT HOLDER,32,2010-12-01 10:39:00,536394,2.55,13408,United Kingdom
mv-0000263,22652,TRAVEL SEWING KIT,20,2010-12-01 10:39:00,536394,1.65,13408,United Kingdom
mv-0000264,22188,BLACK HEART CARD HOLDER,8,2010-12-01 10:47:00,536395,3.95,13767,United Kingdom
mv-0000265,84879,ASSORTED COLOUR BIRD ORNAMENT,32,2010-12-01 10:47:00,536395,1.69,13767,United Kingdom
mv-0000266,21977,PACK OF 60 PINK PAISLEY CAKE CASES,24,2010-12-01 10:47:00,536395,0.55,13767,United Kingdom
mv-0000267,84991,60 TEATIME FAIRY CAKE CASES,24,2010-12-01 10:47:00,536395,0.55,13767,United Kingdom
mv-0000268,21212,PACK OF 72 RETROSPOT CAKE CASES,24,2010-12-01 10:47:00,536395,0.55,13767,United Kingdom
mv-0000269,21484,CHICK GREY HOT WATER BOTTLE,8,2010-12-01 10:47:00,536395,3.45,13767,United Kingdom
mv-0000270,21314,SMALL GLASS HEART TRINKET POT,8,2010-12-01 10:47:00,536395,2.10,13767,United Kingdom
mv-0000271,22730,ALARM CLOCK BAKELIKE IVORY,4,2010-12-01 10:47:00,536395,3.75,13767,United Kingdom
mv-0000272,22727,ALARM CLOCK BAKELIKE RED,8,2010-12-01 10:47:00,536395,3.75,13767,United Kingdom
mv-0000273,22729,ALARM CLOCK BAKELIKE ORANGE,8,2010-12-01 10:47:00,536395,3.75,13767,United Kingdom
mv-0000274,22726,ALARM CLOCK BAKELIKE GREEN,8,2010-12-01 10:47:00,536395,3.75,13767,United Kingdom
mv-0000275,22114,HOT WATER BOTTLE TEA AND SYMPATHY,8,2010-12-01 10:47:00,536395,3.95,13767,United Kingdom
mv-0000276,22867,HAND WARMER BIRD DESIGN,48,2010-12-01 10:47:00,536395,2.10,13767,United Kingdom
mv-0000277,22866,HAND WARMER SCOTTY DOG DESIGN,48,2010-12-01 10:47:00,536395,2.10,13767,United Kingdom
mv-0000278,85123A,WHITE HANGING HEART T-LIGHT HOLDER,6,2010-12-01 10:51:00,536396,2.55,17850,United Kingdom
mv-0000279,71053,WHITE METAL LANTERN,6,2010-12-01 10:51:00,536396,3.39,17850,United Kingdom
mv-0000280,84406B,CREAM CUPID HEARTS COAT HANGER,8,2010-12-01 10:51:00,536396,2.75,17850,United Kingdom
mv-0000281,15056BL,EDWARDIAN PARASOL BLACK,6,2010-12-01 10:51:00,536396,4.95,17850,United Kingdom
mv-0000282,20679,EDWARDIAN PARASOL RED,6,2010-12-01 10:51:00,536396,4.95,17850,United Kingdom
mv-0000283,37370,RETRO COFFEE MUGS ASSORTED,6,2010-12-01 10:51:00,536396,1.06,17850,United Kingdom
mv-0000284,21871,SAVE THE PLANET MUG,6,2010-12-01 10:51:00,536396,1.06,17850,United Kingdom
mv-0000285,21071,VINTAGE BILLBOARD DRINK ME MUG,6,2010-12-01 10:51:00,536396,1.06,17850,United Kingdom
mv-0000286,21068,VINTAGE BILLBOARD LOVE/HATE MUG,6,2010-12-01 10:51:00,536396,1.06,17850,United Kingdom
mv-0000287,82483,WOOD 2 DRAWER CABINET WHITE FINISH,2,2010-12-01 10:51:00,536396,4.95,17850,United Kingdom
mv-0000288,82486,WOOD S/3 CABINET ANT WHITE FINISH,4,2010-12-01 10:51:00,536396,6.95,17850,United Kingdom
mv-0000289,82482,WOODEN PICTURE FRAME WHITE FINISH,6,2010-12-01 10:51:00,536396,2.10,17850,United Kingdom
mv-0000290,82494L,WOODEN FRAME ANTIQUE WHITE,12,2010-12-01 10:51:00,536396,2.55,17850,United Kingdom
mv-0000291,84029G,KNITTED UNION FLAG HOT WATER BOTTLE,6,2010-12-01 10:51:00,536396,3.39,17850,United Kingdom
mv-0000292,84029E,RED WOOLLY HOTTIE WHITE HEART.,6,2010-12-01 10:51:00,536396,3.39,17850,United Kingdom
mv-0000293,22752,SET 7 BABUSHKA NESTING BOXES,2,2010-12-01 10:51:00,536396,7.65,17850,United Kingdom
mv-0000294,22803,IVORY EMBROIDERED QUILT,2,2010-12-01 10:51:00,536396,35.75,17850,United Kingdom
mv-0000295,21730,GLASS STAR FROSTED T-LIGHT HOLDER,6,2010-12-01 10:51:00,536396,4.25,17850,United Kingdom
mv-0000296,35004B,SET OF 3 BLACK FLYING DUCKS,12,2010-12-01 10:51:00,536397,4.65,17924,United Kingdom
mv-0000297,35004C,SET OF 3 COLOURED  FLYING DUCKS,48,2010-12-01 10:51:00,536397,4.65,17924,United Kingdom
mv-0000298,21980,PACK OF 12 RED RETROSPOT TISSUES,24,2010-12-01 10:52:00,536398,0.29,13448,United Kingdom
mv-0000299,21844,RED RETROSPOT MUG,6,2010-12-01 10:52:00,536398,2.95,13448,United Kingdom
mv-0000300,22468,BABUSHKA LIGHTS STRING OF 10,4,2010-12-01 10:52:00,536398,6.75,13448,United Kingdom
mv-0000301,22637,PIGGY BANK RETROSPOT,8,2010-12-01 10:52:00,536398,2.55,13448,United Kingdom
mv-0000302,22752,SET 7 BABUSHKA NESTING BOXES,6,2010-12-01 10:52:00,536398,8.50,13448,United Kingdom
mv-0000303,48185,DOORMAT FAIRY CAKE,2,2010-12-01 10:52:00,536398,7.95,13448,United Kingdom
mv-0000304,22632,HAND WARMER RED RETROSPOT,12,2010-12-01 10:52:00,536398,2.10,13448,United Kingdom
mv-0000305,22866,HAND WARMER SCOTTY DOG DESIGN,12,2010-12-01 10:52:00,536398,2.10,13448,United Kingdom
mv-0000306,22865,HAND WARMER OWL DESIGN,12,2010-12-01 10:52:00,536398,2.10,13448,United Kingdom
mv-0000307,21232,STRAWBERRY CERAMIC TRINKET BOX,12,2010-12-01 10:52:00,536398,1.25,13448,United Kingdom
mv-0000308,22064,PINK DOUGHNUT TRINKET POT,12,2010-12-01 10:52:00,536398,1.65,13448,United Kingdom
mv-0000309,22449,SILK PURSE BABUSHKA PINK,6,2010-12-01 10:52:00,536398,3.35,13448,United Kingdom
mv-0000310,22114,HOT WATER BOTTLE TEA AND SYMPATHY,4,2010-12-01 10:52:00,536398,3.95,13448,United Kingdom
mv-0000311,22835,HOT WATER BOTTLE I AM SO POORLY,8,2010-12-01 10:52:00,536398,4.65,13448,United Kingdom
mv-0000312,22112,CHOCOLATE HOT WATER BOTTLE,9,2010-12-01 10:52:00,536398,4.95,13448,United Kingdom
mv-0000313,21479,WHITE SKULL HOT WATER BOTTLE,4,2010-12-01 10:52:00,536398,3.75,13448,United Kingdom
mv-0000314,22111,SCOTTIE DOG HOT WATER BOTTLE,9,2010-12-01 10:52:00,536398,4.95,13448,United Kingdom
mv-0000315,22632,HAND WARMER RED POLKA DOT,6,2010-12-01 10:52:00,536399,1.85,17850,United Kingdom
mv-0000316,22633,HAND WARMER UNION JACK,6,2010-12-01 10:52:00,536399,1.85,17850,United Kingdom
mv-0000317,22969,HOMEMADE JAM SCENTED CANDLES,12,2010-12-01 10:53:00,536400,1.45,13448,United Kingdom
mv-0000318,22110,BIRD HOUSE HOT WATER BOTTLE,1,2010-12-01 11:21:00,536401,2.55,15862,United Kingdom
mv-0000319,22098,BOUDOIR SQUARE TISSUE BOX,1,2010-12-01 11:21:00,536401,1.25,15862,United Kingdom
mv-0000320,22100,SKULLS SQUARE TISSUE BOX,2,2010-12-01 11:21:00,536401,1.25,15862,United Kingdom
mv-0000321,22766,PHOTO FRAME CORNICE,1,2010-12-01 11:21:00,536401,2.95,15862,United Kingdom
mv-0000322,22451,SILK PURSE BABUSHKA RED,1,2010-12-01 11:21:00,536401,3.35,15862,United Kingdom
mv-0000323,22549,PICTURE DOMINOES,1,2010-12-01 11:21:00,536401,1.45,15862,United Kingdom
mv-0000324,84744,S/6 SEW ON CROCHET FLOWERS,1,2010-12-01 11:21:00,536401,1.25,15862,United Kingdom
mv-0000325,85049E,SCANDINAVIAN REDS RIBBONS,2,2010-12-01 11:21:00,536401,1.25,15862,United Kingdom
mv-0000326,21328,BALLOONS  WRITING SET,1,2010-12-01 11:21:00,536401,1.65,15862,United Kingdom
mv-0000327,22961,JAM MAKING SET PRINTED,4,2010-12-01 11:21:00,536401,1.45,15862,United Kingdom
mv-0000328,17091A,LAVENDER INCENSE IN TIN,1,2010-12-01 11:21:00,536401,1.25,15862,United Kingdom
mv-0000329,22473,TV DINNER TRAY VINTAGE PAISLEY,1,2010-12-01 11:21:00,536401,4.95,15862,United Kingdom
mv-0000330,84509A,SET OF 4 ENGLISH ROSE PLACEMATS,2,2010-12-01 11:21:00,536401,3.75,15862,United Kingdom
mv-0000331,84510A,SET OF 4 ENGLISH ROSE COASTERS,2,2010-12-01 11:21:00,536401,1.25,15862,United Kingdom
mv-0000332,22767,TRIPLE PHOTO FRAME CORNICE,2,2010-12-01 11:21:00,536401,9.95,15862,United Kingdom
mv-0000333,22768,FAMILY PHOTO FRAME CORNICE,1,2010-12-01 11:21:00,536401,9.95,15862,United Kingdom
mv-0000334,21463,MIRRORED DISCO BALL,1,2010-12-01 11:21:00,536401,5.95,15862,United Kingdom
mv-0000335,21464,DISCO BALL ROTATOR BATTERY OPERATED,1,2010-12-01 11:21:00,536401,4.25,15862,United Kingdom
mv-0000336,20820,SILVER LOOKING MIRROR,3,2010-12-01 11:21:00,536401,4.95,15862,United Kingdom
mv-0000337,85150,LADIES & GENTLEMEN METAL SIGN,1,2010-12-01 11:21:00,536401,2.55,15862,United Kingdom
mv-0000338,22117,METAL SIGN HER DINNER IS SERVED,1,2010-12-01 11:21:00,536401,2.95,15862,United Kingdom
mv-0000339,21169,YOU'RE CONFUSING ME METAL SIGN,2,2010-12-01 11:21:00,536401,1.69,15862,United Kingdom
mv-0000340,48129,DOORMAT TOPIARY,1,2010-12-01 11:21:00,536401,7.95,15862,United Kingdom
mv-0000341,82580,BATHROOM METAL SIGN,1,2010-12-01 11:21:00,536401,0.55,15862,United Kingdom
mv-0000342,82578,KITCHEN METAL SIGN,1,2010-12-01 11:21:00,536401,0.55,15862,United Kingdom
mv-0000343,82581,TOILET METAL SIGN,2,2010-12-01 11:21:00,536401,0.55,15862,United Kingdom
mv-0000344,22413,METAL SIGN TAKE IT OR LEAVE IT,4,2010-12-01 11:21:00,536401,2.95,15862,United Kingdom
mv-0000345,21907,I'M ON HOLIDAY METAL SIGN,2,2010-12-01 11:21:00,536401,2.10,15862,United Kingdom
mv-0000346,22441,GROW YOUR OWN BASIL IN ENAMEL MUG,1,2010-12-01 11:21:00,536401,2.10,15862,United Kingdom
mv-0000347,21122,SET/10 PINK POLKADOT PARTY CANDLES,1,2010-12-01 11:21:00,536401,1.25,15862,United Kingdom
mv-0000348,22851,SET 20 NAPKINS FAIRY CAKES DESIGN,1,2010-12-01 11:21:00,536401,0.85,15862,United Kingdom
mv-0000349,84991,60 TEATIME FAIRY CAKE CASES,3,2010-12-01 11:21:00,536401,0.55,15862,United Kingdom
mv-0000350,22810,SET OF 6 T-LIGHTS SNOWMEN,1,2010-12-01 11:21:00,536401,2.95,15862,United Kingdom
mv-0000351,22809,SET OF 6 T-LIGHTS SANTA,1,2010-12-01 11:21:00,536401,2.95,15862,United Kingdom
mv-0000352,22435,SET OF 9 HEART SHAPED BALLOONS,2,2010-12-01 11:21:00,536401,1.25,15862,United Kingdom
mv-0000353,20966,SANDWICH BATH SPONGE,3,2010-12-01 11:21:00,536401,1.25,15862,United Kingdom
mv-0000354,20963,APPLE BATH SPONGE,1,2010-12-01 11:21:00,536401,1.25,15862,United Kingdom
mv-0000355,20961,STRAWBERRY BATH SPONGE,1,2010-12-01 11:21:00,536401,1.25,15862,United Kingdom
mv-0000356,22068,BLACK PIRATE TREASURE CHEST,2,2010-12-01 11:21:00,536401,1.65,15862,United Kingdom
mv-0000357,21743,STAR PORTABLE TABLE LIGHT,2,2010-12-01 11:21:00,536401,2.95,15862,United Kingdom
mv-0000358,21744,SNOWFLAKE PORTABLE TABLE LIGHT,2,2010-12-01 11:21:00,536401,2.95,15862,United Kingdom
mv-0000359,84709B,PINK OVAL JEWELLED MIRROR,1,2010-12-01 11:21:00,536401,5.95,15862,United Kingdom
mv-0000360,21592,RETROSPOT CIGAR BOX MATCHES,1,2010-12-01 11:21:00,536401,1.25,15862,United Kingdom
mv-0000361,21587,COSY HOUR GIANT TUBE MATCHES,2,2010-12-01 11:21:00,536401,2.55,15862,United Kingdom
mv-0000362,20992,JAZZ HEARTS PURSE NOTEBOOK,9,2010-12-01 11:21:00,536401,0.85,15862,United Kingdom
mv-0000363,22662,LUNCH BAG DOLLY GIRL DESIGN,1,2010-12-01 11:21:00,536401,1.65,15862,United Kingdom
mv-0000364,85123A,WHITE HANGING HEART T-LIGHT HOLDER,4,2010-12-01 11:21:00,536401,2.95,15862,United Kingdom
mv-0000365,22804,CANDLEHOLDER PINK HANGING HEART,3,2010-12-01 11:21:00,536401,2.95,15862,United Kingdom
mv-0000366,82483,WOOD 2 DRAWER CABINET WHITE FINISH,1,2010-12-01 11:21:00,536401,5.95,15862,United Kingdom
mv-0000367,20749,ASSORTED COLOUR MINI CASES,1,2010-12-01 11:21:00,536401,7.95,15862,United Kingdom
mv-0000368,20725,LUNCH BAG RED RETROSPOT,1,2010-12-01 11:21:00,536401,1.65,15862,United Kingdom
mv-0000369,22382,LUNCH BAG SPACEBOY DESIGN,2,2010-12-01 11:21:00,536401,1.65,15862,United Kingdom
mv-0000370,20726,LUNCH BAG WOODLAND,1,2010-12-01 11:21:00,536401,1.65,15862,United Kingdom
mv-0000371,22384,LUNCH BAG PINK POLKADOT,1,2010-12-01 11:21:00,536401,1.65,15862,United Kingdom
mv-0000372,22467,GUMBALL COAT RACK,5,2010-12-01 11:21:00,536401,2.55,15862,United Kingdom
mv-0000373,84625C,BLUE NEW BAROQUE CANDLESTICK CANDLE,3,2010-12-01 11:21:00,536401,2.95,15862,United Kingdom
mv-0000374,84625A,PINK NEW BAROQUECANDLESTICK CANDLE,3,2010-12-01 11:21:00,536401,2.95,15862,United Kingdom
mv-0000375,21108,FAIRY CAKE FLANNEL ASSORTED COLOUR,9,2010-12-01 11:21:00,536401,2.55,15862,United Kingdom
mv-0000376,22848,BREAD BIN DINER STYLE PINK,1,2010-12-01 11:21:00,536401,16.95,15862,United Kingdom
mv-0000377,21033,JUMBO BAG CHARLIE AND LOLA TOYS,4,2010-12-01 11:21:00,536401,2.95,15862,United Kingdom
mv-0000378,47570B,TEA TIME TABLE CLOTH,1,2010-12-01 11:21:00,536401,10.65,15862,United Kingdom
mv-0000379,84030E,ENGLISH ROSE HOT WATER BOTTLE,1,2010-12-01 11:21:00,536401,4.25,15862,United Kingdom
mv-0000380,22428,ENAMEL FIRE BUCKET CREAM,2,2010-12-01 11:21:00,536401,6.95,15862,United Kingdom
mv-0000381,22502,PICNIC BASKET WICKER SMALL,2,2010-12-01 11:21:00,536401,5.95,15862,United Kingdom
mv-0000382,22086,PAPER CHAIN KIT 50'S CHRISTMAS,40,2010-12-01 11:22:00,536402,2.55,15513,United Kingdom
mv-0000383,22910,PAPER CHAIN KIT VINTAGE CHRISTMAS,40,2010-12-01 11:22:00,536402,2.55,15513,United Kingdom
mv-0000384,22837,HOT WATER BOTTLE BABUSHKA,36,2010-12-01 11:22:00,536402,4.25,15513,United Kingdom
mv-0000385,22867,HAND WARMER BIRD DESIGN,96,2010-12-01 11:27:00,536403,1.85,12791,Netherlands
mv-0000386,POST,POSTAGE,1,2010-12-01 11:27:00,536403,15.00,12791,Netherlands
mv-0000387,22297,HEART IVORY TRELLIS SMALL,24,2010-12-01 11:29:00,536404,1.25,16218,United Kingdom
mv-0000388,22771,CLEAR DRAWER KNOB ACRYLIC EDWARDIAN,12,2010-12-01 11:29:00,536404,1.25,16218,United Kingdom
mv-0000389,22772,PINK DRAWER KNOB ACRYLIC EDWARDIAN,12,2010-12-01 11:29:00,536404,1.25,16218,United Kingdom
mv-0000390,22773,GREEN DRAWER KNOB ACRYLIC EDWARDIAN,12,2010-12-01 11:29:00,536404,1.25,16218,United Kingdom
mv-0000391,22805,BLUE DRAWER KNOB ACRYLIC EDWARDIAN,12,2010-12-01 11:29:00,536404,1.25,16218,United Kingdom
mv-0000392,22469,HEART OF WICKER SMALL,12,2010-12-01 11:29:00,536404,1.65,16218,United Kingdom
mv-0000393,22197,SMALL POPCORN HOLDER,36,2010-12-01 11:29:00,536404,0.85,16218,United Kingdom
mv-0000394,21125,SET 6 FOOTBALL CELEBRATION CANDLES,12,2010-12-01 11:29:00,536404,1.25,16218,United Kingdom
mv-0000395,21126,SET OF 6 GIRLS CELEBRATION CANDLES,12,2010-12-01 11:29:00,536404,1.25,16218,United Kingdom
mv-0000396,85049C,ROMANTIC PINKS RIBBONS,12,2010-12-01 11:29:00,536404,1.25,16218,United Kingdom
mv-0000397,85049D,BRIGHT BLUES RIBBONS,12,2010-12-01 11:29:00,536404,1.25,16218,United Kingdom
mv-0000398,85049E,SCANDINAVIAN REDS RIBBONS,12,2010-12-01 11:29:00,536404,1.25,16218,United Kingdom
mv-0000399,85049G,CHOCOLATE BOX RIBBONS,12,2010-12-01 11:29:00,536404,1.25,16218,United Kingdom
mv-0000400,21061,PARTY INVITES FOOTBALL,12,2010-12-01 11:29:00,536404,0.85,16218,United Kingdom
mv-0000401,21063,PARTY INVITES JAZZ HEARTS,12,2010-12-01 11:29:00,536404,0.85,16218,United Kingdom
mv-0000402,21062,PARTY INVITES SPACEMAN,12,2010-12-01 11:29:00,536404,0.85,16218,United Kingdom
mv-0000403,84380,SET OF 3 BUTTERFLY COOKIE CUTTERS,12,2010-12-01 11:29:00,536404,1.25,16218,United Kingdom
mv-0000404,84378,SET OF 3 HEART COOKIE CUTTERS,12,2010-12-01 11:29:00,536404,1.25,16218,United Kingdom
mv-0000405,22964,3 PIECE SPACEBOY COOKIE CUTTER SET,12,2010-12-01 11:29:00,536404,2.10,16218,United Kingdom
mv-0000406,21213,PACK OF 72 SKULL CAKE CASES,24,2010-12-01 11:29:00,536404,0.55,16218,United Kingdom
mv-0000407,22417,PACK OF 60 SPACEBOY CAKE CASES,24,2010-12-01 11:29:00,536404,0.55,16218,United Kingdom
mv-0000408,21212,PACK OF 72 RETROSPOT CAKE CASES,24,2010-12-01 11:29:00,536404,0.55,16218,United Kingdom
mv-0000409,84992,72 SWEETHEART FAIRY CAKE CASES,24,2010-12-01 11:29:00,536404,0.55,16218,United Kingdom
mv-0000410,21975,PACK OF 60 DINOSAUR CAKE CASES,24,2010-12-01 11:29:00,536404,0.55,16218,United Kingdom
mv-0000411,22383,LUNCH BAG SUKI  DESIGN,10,2010-12-01 11:29:00,536404,1.65,16218,United Kingdom
mv-0000412,20728,LUNCH BAG CARS BLUE,10,2010-12-01 11:29:00,536404,1.65,16218,United Kingdom
mv-0000413,20727,LUNCH BAG  BLACK SKULL.,10,2010-12-01 11:29:00,536404,1.65,16218,United Kingdom
mv-0000414,22296,HEART IVORY TRELLIS LARGE,24,2010-12-01 11:29:00,536404,1.65,16218,United Kingdom
mv-0000415,20914,SET/5 RED RETROSPOT LID GLASS BOWLS,128,2010-12-01 11:32:00,536405,2.55,14045,United Kingdom
mv-0000416,85123A,WHITE HANGING HEART T-LIGHT HOLDER,8,2010-12-01 11:33:00,536406,2.55,17850,United Kingdom
mv-0000417,71053,WHITE METAL LANTERN,8,2010-12-01 11:33:00,536406,3.39,17850,United Kingdom
mv-0000418,84406B,CREAM CUPID HEARTS COAT HANGER,8,2010-12-01 11:33:00,536406,2.75,17850,United Kingdom
mv-0000419,20679,EDWARDIAN PARASOL RED,6,2010-12-01 11:33:00,536406,4.95,17850,United Kingdom
mv-0000420,37370,RETRO COFFEE MUGS ASSORTED,6,2010-12-01 11:33:00,536406,1.06,17850,United Kingdom
mv-0000421,21871,SAVE THE PLANET MUG,6,2010-12-01 11:33:00,536406,1.06,17850,United Kingdom
mv-0000422,21071,VINTAGE BILLBOARD DRINK ME MUG,6,2010-12-01 11:33:00,536406,1.06,17850,United Kingdom
mv-0000423,21068,VINTAGE BILLBOARD LOVE/HATE MUG,6,2010-12-01 11:33:00,536406,1.06,17850,United Kingdom
mv-0000424,82483,WOOD 2 DRAWER CABINET WHITE FINISH,4,2010-12-01 11:33:00,536406,4.95,17850,United Kingdom
mv-0000425,82486,WOOD S/3 CABINET ANT WHITE FINISH,4,2010-12-01 11:33:00,536406,6.95,17850,United Kingdom
mv-0000426,82482,WOODEN PICTURE FRAME WHITE FINISH,6,2010-12-01 11:33:00,536406,2.10,17850,United Kingdom
mv-0000427,82494L,WOODEN FRAME ANTIQUE WHITE,6,2010-12-01 11:33:00,536406,2.55,17850,United Kingdom
mv-0000428,84029G,KNITTED UNION FLAG HOT WATER BOTTLE,6,2010-12-01 11:33:00,536406,3.39,17850,United Kingdom
mv-0000429,84029E,RED WOOLLY HOTTIE WHITE HEART.,6,2010-12-01 11:33:00,536406,3.39,17850,United Kingdom
mv-0000430,22752,SET 7 BABUSHKA NESTING BOXES,2,2010-12-01 11:33:00,536406,7.65,17850,United Kingdom
mv-0000431,22803,IVORY EMBROIDERED QUILT,2,2010-12-01 11:33:00,536406,35.75,17850,United Kingdom
mv-0000432,21730,GLASS STAR FROSTED T-LIGHT HOLDER,6,2010-12-01 11:33:00,536406,4.25,17850,United Kingdom
mv-0000433,22632,HAND WARMER RED POLKA DOT,6,2010-12-01 11:34:00,536407,1.85,17850,United Kingdom
mv-0000434,22633,HAND WARMER UNION JACK,6,2010-12-01 11:34:00,536407,1.85,17850,United Kingdom
mv-0000435,22537,MAGIC DRAWING SLATE DINOSAUR,24,2010-12-01 11:41:00,536408,0.42,14307,United Kingdom
mv-0000436,22533,MAGIC DRAWING SLATE BAKE A CAKE,24,2010-12-01 11:41:00,536408,0.42,14307,United Kingdom
mv-0000437,20982,12 PENCILS TALL TUBE SKULLS,12,2010-12-01 11:41:00,536408,0.85,14307,United Kingdom
mv-0000438,21832,CHOCOLATE CALCULATOR,12,2010-12-01 11:41:00,536408,1.65,14307,United Kingdom
mv-0000439,21915,RED  HARMONICA IN BOX,12,2010-12-01 11:41:00,536408,1.25,14307,United Kingdom
mv-0000440,21914,BLUE HARMONICA IN BOX,12,2010-12-01 11:41:00,536408,1.25,14307,United Kingdom
mv-0000441,21544,SKULLS  WATER TRANSFER TATTOOS,12,2010-12-01 11:41:00,536408,0.85,14307,United Kingdom
mv-0000442,22813,PACK 3 BOXES BIRD PANNETONE,12,2010-12-01 11:41:00,536408,1.95,14307,United Kingdom
mv-0000443,22114,HOT WATER BOTTLE TEA AND SYMPATHY,4,2010-12-01 11:41:00,536408,3.95,14307,United Kingdom
mv-0000444,84029E,RED WOOLLY HOTTIE WHITE HEART.,4,2010-12-01 11:41:00,536408,3.75,14307,United Kingdom
mv-0000445,21479,WHITE SKULL HOT WATER BOTTLE,4,2010-12-01 11:41:00,536408,3.75,14307,United Kingdom
mv-0000446,22964,3 PIECE SPACEBOY COOKIE CUTTER SET,6,2010-12-01 11:41:00,536408,2.10,14307,United Kingdom
mv-0000447,84375,SET OF 20 KIDS COOKIE CUTTERS,12,2010-12-01 11:41:00,536408,2.10,14307,United Kingdom
mv-0000448,22418,10 COLOUR SPACEBOY PEN,24,2010-12-01 11:41:00,536408,0.85,14307,United Kingdom
mv-0000449,22178,VICTORIAN GLASS HANGING T-LIGHT,12,2010-12-01 11:41:00,536408,1.25,14307,United Kingdom
mv-0000450,84970L,SINGLE HEART ZINC T-LIGHT HOLDER,12,2010-12-01 11:41:00,536408,0.95,14307,United Kingdom
mv-0000451,21733,RED HANGING HEART T-LIGHT HOLDER,6,2010-12-01 11:41:00,536408,2.95,14307,United Kingdom
mv-0000452,22465,HANGING METAL STAR LANTERN,12,2010-12-01 11:41:00,536408,1.65,14307,United Kingdom
mv-0000453,84949,SILVER HANGING T-LIGHT HOLDER,6,2010-12-01 11:41:00,536408,1.65,14307,United Kingdom
mv-0000454,20685,DOORMAT RED RETROSPOT,2,2010-12-01 11:41:00,536408,7.95,14307,United Kingdom
mv-0000455,48194,DOORMAT HEARTS,2,2010-12-01 11:41:00,536408,7.95,14307,United Kingdom
mv-0000456,22488,NATURAL SLATE RECTANGLE CHALKBOARD,12,2010-12-01 11:41:00,536408,1.65,14307,United Kingdom
mv-0000457,22219,LOVEBIRD HANGING DECORATION WHITE,12,2010-12-01 11:41:00,536408,0.85,14307,United Kingdom
mv-0000458,84879,ASSORTED COLOUR BIRD ORNAMENT,8,2010-12-01 11:41:00,536408,1.69,14307,United Kingdom
mv-0000459,21754,HOME BUILDING BLOCK WORD,3,2010-12-01 11:41:00,536408,5.95,14307,United Kingdom
mv-0000460,21755,LOVE BUILDING BLOCK WORD,3,2010-12-01 11:41:00,536408,5.95,14307,United Kingdom
mv-0000461,22766,PHOTO FRAME CORNICE,8,2010-12-01 11:41:00,536408,2.95,14307,United Kingdom
mv-0000462,22610,PENS ASSORTED FUNNY FACE,36,2010-12-01 11:41:00,536408,0.85,14307,United Kingdom
mv-0000463,22716,CARD CIRCUS PARADE,12,2010-12-01 11:41:00,536408,0.42,14307,United Kingdom
mv-0000464,22706,WRAP COWBOYS,25,2010-12-01 11:41:00,536408,0.42,14307,United Kingdom
mv-0000465,22371,AIRLINE BAG VINTAGE TOKYO 78,4,2010-12-01 11:41:00,536408,4.25,14307,United Kingdom
mv-0000466,85014B,RED RETROSPOT UMBRELLA,3,2010-12-01 11:41:00,536408,5.95,14307,United Kingdom
mv-0000467,85014A,BLACK/BLUE POLKADOT UMBRELLA,3,2010-12-01 11:41:00,536408,5.95,14307,United Kingdom
mv-0000468,84997B,RED 3 PIECE RETROSPOT CUTLERY SET,6,2010-12-01 11:41:00,536408,3.75,14307,United Kingdom
mv-0000469,21212,PACK OF 72 RETROSPOT CAKE CASES,24,2010-12-01 11:41:00,536408,0.55,14307,United Kingdom
mv-0000470,21210,SET OF 72 RETROSPOT PAPER  DOILIES,12,2010-12-01 11:41:00,536408,1.45,14307,United Kingdom
mv-0000471,22914,BLUE COAT RACK PARIS FASHION,3,2010-12-01 11:41:00,536408,4.95,14307,United Kingdom
mv-0000472,22553,PLASTERS IN TIN SKULLS,12,2010-12-01 11:41:00,536408,1.65,14307,United Kingdom
mv-0000473,16237,SLEEPING CAT ERASERS,30,2010-12-01 11:41:00,536408,0.21,14307,United Kingdom
mv-0000474,22714,CARD BIRTHDAY COWBOY,12,2010-12-01 11:41:00,536408,0.42,14307,United Kingdom
mv-0000475,22812,PACK 3 BOXES CHRISTMAS PANNETONE,12,2010-12-01 11:41:00,536408,1.95,14307,United Kingdom
mv-0000476,84347,ROTATING SILVER ANGELS T-LIGHT HLDR,6,2010-12-01 11:41:00,536408,2.55,14307,United Kingdom
mv-0000477,21587,COSY HOUR GIANT TUBE MATCHES,12,2010-12-01 11:41:00,536408,2.55,14307,United Kingdom
mv-0000478,22736,RIBBON REEL MAKING SNOWMEN,10,2010-12-01 11:41:00,536408,1.65,14307,United Kingdom
mv-0000479,22492,MINI PAINT SET VINTAGE,36,2010-12-01 11:41:00,536408,0.65,14307,United Kingdom
mv-0000480,22620,4 TRADITIONAL SPINNING TOPS,12,2010-12-01 11:41:00,536408,1.25,14307,United Kingdom
mv-0000481,22619,SET OF 6 SOLDIER SKITTLES,4,2010-12-01 11:41:00,536408,3.75,14307,United Kingdom
mv-0000482,21705,BAG 500g SWIRLY MARBLES,12,2010-12-01 11:41:00,536408,1.65,14307,United Kingdom
mv-0000483,90199C,5 STRAND GLASS NECKLACE CRYSTAL,3,2010-12-01 11:45:00,536409,6.35,17908,United Kingdom
mv-0000484,21479,WHITE SKULL HOT WATER BOTTLE,1,2010-12-01 11:45:00,536409,3.75,17908,United Kingdom
mv-0000485,22111,SCOTTIE DOG HOT WATER BOTTLE,1,2010-12-01 11:45:00,536409,4.95,17908,United Kingdom
mv-0000486,22785,SQUARECUSHION COVER PINK UNION FLAG,1,2010-12-01 11:45:00,536409,6.75,17908,United Kingdom
mv-0000487,22975,SPACEBOY CHILDRENS EGG CUP,1,2010-12-01 11:45:00,536409,1.25,17908,United Kingdom
mv-0000488,22972,CHILDREN'S SPACEBOY MUG,1,2010-12-01 11:45:00,536409,1.65,17908,United Kingdom
mv-0000489,22866,HAND WARMER SCOTTY DOG DESIGN,1,2010-12-01 11:45:00,536409,2.10,17908,United Kingdom
mv-0000490,22568,FELTCRAFT CUSHION OWL,1,2010-12-01 11:45:00,536409,3.75,17908,United Kingdom
mv-0000491,85116,BLACK CANDELABRA T-LIGHT HOLDER,1,2010-12-01 11:45:00,536409,2.10,17908,United Kingdom
mv-0000492,22664,TOY TIDY DOLLY GIRL DESIGN,1,2010-12-01 11:45:00,536409,2.10,17908,United Kingdom
mv-0000493,21609,SET 12 LAVENDER  BOTANICAL T-LIGHTS,1,2010-12-01 11:45:00,536409,2.95,17908,United Kingdom
mv-0000494,21866,UNION JACK FLAG LUGGAGE TAG,1,2010-12-01 11:45:00,536409,1.25,17908,United Kingdom
mv-0000495,20669,RED HEART LUGGAGE TAG,1,2010-12-01 11:45:00,536409,1.25,17908,United Kingdom
mv-0000496,90129F,RED GLASS TASSLE BAG CHARM,1,2010-12-01 11:45:00,536409,2.95,17908,United Kingdom
mv-0000497,90210B,CLEAR ACRYLIC FACETED BANGLE,1,2010-12-01 11:45:00,536409,2.95,17908,United Kingdom
mv-0000498,90199C,5 STRAND GLASS NECKLACE CRYSTAL,1,2010-12-01 11:45:00,536409,6.35,17908,United Kingdom
mv-0000499,21955,DOORMAT UNION JACK GUNS AND ROSES,1,2010-12-01 11:45:00,536409,7.95,17908,United Kingdom
mv-0000500,72802C,VANILLA SCENT CANDLE JEWELLED BOX,1,2010-12-01 11:45:00,536409,4.25,17908,United Kingdom
mv-0000501,22109,FULL ENGLISH BREAKFAST PLATE,1,2010-12-01 11:45:00,536409,3.75,17908,United Kingdom
mv-0000502,85116,BLACK CANDELABRA T-LIGHT HOLDER,5,2010-12-01 11:45:00,536409,2.10,17908,United Kingdom
mv-0000503,22531,MAGIC DRAWING SLATE CIRCUS PARADE,1,2010-12-01 11:45:00,536409,0.42,17908,United Kingdom
mv-0000504,21811,CHRISTMAS HANGING HEART WITH BELL,1,2010-12-01 11:45:00,536409,1.25,17908,United Kingdom
mv-0000505,22183,CAKE STAND VICTORIAN FILIGREE MED,1,2010-12-01 11:45:00,536409,6.75,17908,United Kingdom
mv-0000506,21678,PAISLEY PATTERN  STICKERS,6,2010-12-01 11:45:00,536409,0.85,17908,United Kingdom
mv-0000507,21676,FLOWERS  STICKERS,6,2010-12-01 11:45:00,536409,0.85,17908,United Kingdom
mv-0000508,84625A,PINK NEW BAROQUECANDLESTICK CANDLE,1,2010-12-01 11:45:00,536409,2.95,17908,United Kingdom
mv-0000509,84625C,BLUE NEW BAROQUE CANDLESTICK CANDLE,3,2010-12-01 11:45:00,536409,2.95,17908,United Kingdom
mv-0000510,21931,JUMBO STORAGE BAG SUKI,2,2010-12-01 11:45:00,536409,1.95,17908,United Kingdom
mv-0000511,85169B,BLACK LOVE BIRD CANDLE,12,2010-12-01 11:45:00,536409,1.25,17908,United Kingdom
mv-0000512,16238,PARTY TIME PENCIL ERASERS,28,2010-12-01 11:45:00,536409,0.21,17908,United Kingdom
mv-0000513,20668,DISCO BALL CHRISTMAS DECORATION,24,2010-12-01 11:45:00,536409,0.12,17908,United Kingdom
mv-0000514,84906,PINK B'FLY C/COVER W BOBBLES,1,2010-12-01 11:45:00,536409,5.95,17908,United Kingdom
mv-0000515,21867,PINK UNION JACK  LUGGAGE TAG,1,2010-12-01 11:45:00,536409,1.25,17908,United Kingdom
mv-0000516,22075,6 RIBBONS ELEGANT CHRISTMAS,1,2010-12-01 11:45:00,536409,1.65,17908,United Kingdom
mv-0000517,21866,UNION JACK FLAG LUGGAGE TAG,1,2010-12-01 11:45:00,536409,1.25,17908,United Kingdom
mv-0000518,21326,AGED GLASS SILVER T-LIGHT HOLDER,12,2010-12-01 11:45:00,536409,0.65,17908,United Kingdom
mv-0000519,21065,BOOM BOX SPEAKER GIRLS,1,2010-12-01 11:45:00,536409,5.95,17908,United Kingdom
mv-0000520,22074,6 RIBBONS SHIMMERING PINKS,1,2010-12-01 11:45:00,536409,1.65,17908,United Kingdom
mv-0000521,22900,SET 2 TEA TOWELS I LOVE LONDON,1,2010-12-01 11:45:00,536409,2.95,17908,United Kingdom
mv-0000522,20713,JUMBO BAG OWLS,1,2010-12-01 11:45:00,536409,1.95,17908,United Kingdom
mv-0000523,20966,SANDWICH BATH SPONGE,2,2010-12-01 11:45:00,536409,1.25,17908,United Kingdom
mv-0000524,21116,OWL DOORSTOP,1,2010-12-01 11:45:00,536409,4.95,17908,United Kingdom
mv-0000525,90199C,5 STRAND GLASS NECKLACE CRYSTAL,2,2010-12-01 11:45:00,536409,6.35,17908,United Kingdom
mv-0000526,22633,HAND WARMER UNION JACK,1,2010-12-01 11:45:00,536409,2.10,17908,United Kingdom
mv-0000527,22866,HAND WARMER SCOTTY DOG DESIGN,1,2010-12-01 11:45:00,536409,2.10,17908,United Kingdom
mv-0000528,22198,LARGE POPCORN HOLDER,1,2010-12-01 11:45:00,536409,1.65,17908,United Kingdom
mv-0000529,21824,PAINTED METAL STAR WITH HOLLY BELLS,3,2010-12-01 11:45:00,536409,1.45,17908,United Kingdom
mv-0000530,21823,PAINTED METAL HEART WITH HOLLY BELL,3,2010-12-01 11:45:00,536409,1.45,17908,United Kingdom
mv-0000531,22153,ANGEL DECORATION STARS ON DRESS,6,2010-12-01 11:45:00,536409,0.42,17908,United Kingdom
mv-0000532,22197,SMALL POPCORN HOLDER,2,2010-12-01 11:45:00,536409,0.85,17908,United Kingdom
mv-0000533,85099B,JUMBO BAG RED RETROSPOT,2,2010-12-01 11:45:00,536409,1.95,17908,United Kingdom
mv-0000534,85099F,JUMBO BAG STRAWBERRY,1,2010-12-01 11:45:00,536409,1.95,17908,United Kingdom
mv-0000535,20717,STRAWBERRY SHOPPER BAG,1,2010-12-01 11:45:00,536409,1.25,17908,United Kingdom
mv-0000536,20723,STRAWBERRY CHARLOTTE BAG,1,2010-12-01 11:45:00,536409,0.85,17908,United Kingdom
mv-0000537,22900,SET 2 TEA TOWELS I LOVE LONDON,1,2010-12-01 11:45:00,536409,2.95,17908,United Kingdom
mv-0000538,21980,PACK OF 12 RED RETROSPOT TISSUES,12,2010-12-01 11:45:00,536409,0.29,17908,United Kingdom
mv-0000539,22111,SCOTTIE DOG HOT WATER BOTTLE,1,2010-12-01 11:45:00,536409,4.95,17908,United Kingdom
mv-0000540,22112,CHOCOLATE HOT WATER BOTTLE,1,2010-12-01 11:45:00,536409,4.95,17908,United Kingdom
mv-0000541,20728,LUNCH BAG CARS BLUE,3,2010-12-01 11:49:00,536412,1.65,17920,United Kingdom
mv-0000542,22382,LUNCH BAG SPACEBOY DESIGN,3,2010-12-01 11:49:00,536412,1.65,17920,United Kingdom
mv-0000543,22326,ROUND SNACK BOXES SET OF4 WOODLAND,1,2010-12-01 11:49:00,536412,2.95,17920,United Kingdom
mv-0000544,22662,LUNCH BAG DOLLY GIRL DESIGN,4,2010-12-01 11:49:00,536412,1.65,17920,United Kingdom
mv-0000545,22383,LUNCH BAG SUKI  DESIGN,3,2010-12-01 11:49:00,536412,1.65,17920,United Kingdom
mv-0000546,20727,LUNCH BAG  BLACK SKULL.,3,2010-12-01 11:49:00,536412,1.65,17920,United Kingdom
mv-0000547,22328,ROUND SNACK BOXES SET OF 4 FRUITS,1,2010-12-01 11:49:00,536412,2.95,17920,United Kingdom
mv-0000548,22327,ROUND SNACK BOXES SET OF 4 SKULLS,1,2010-12-01 11:49:00,536412,2.95,17920,United Kingdom
mv-0000549,22630,DOLLY GIRL LUNCH BOX,1,2010-12-01 11:49:00,536412,1.95,17920,United Kingdom
mv-0000550,22629,SPACEBOY LUNCH BOX,1,2010-12-01 11:49:00,536412,1.95,17920,United Kingdom
mv-0000551,21245,GREEN POLKADOT PLATE,1,2010-12-01 11:49:00,536412,1.69,17920,United Kingdom
mv-0000552,21244,BLUE POLKADOT PLATE,1,2010-12-01 11:49:00,536412,1.69,17920,United Kingdom
mv-0000553,21242,RED RETROSPOT PLATE,1,2010-12-01 11:49:00,536412,1.69,17920,United Kingdom
mv-0000554,21243,PINK  POLKADOT PLATE,1,2010-12-01 11:49:00,536412,1.69,17920,United Kingdom
mv-0000555,22327,ROUND SNACK BOXES SET OF 4 SKULLS,1,2010-12-01 11:49:00,536412,2.95,17920,United Kingdom
mv-0000556,22273,FELTCRAFT DOLL MOLLY,1,2010-12-01 11:49:00,536412,2.95,17920,United Kingdom
mv-0000557,22940,FELTCRAFT CHRISTMAS FAIRY,3,2010-12-01 11:49:00,536412,4.25,17920,United Kingdom
mv-0000558,22652,TRAVEL SEWING KIT,5,2010-12-01 11:49:00,536412,1.65,17920,United Kingdom
mv-0000559,22759,SET OF 3 NOTEBOOKS IN PARCEL,1,2010-12-01 11:49:00,536412,1.65,17920,United Kingdom
mv-0000560,21880,RED RETROSPOT TAPE,10,2010-12-01 11:49:00,536412,0.65,17920,United Kingdom
mv-0000561,21738,COSY SLIPPER SHOES SMALL  RED,1,2010-12-01 11:49:00,536412,2.95,17920,United Kingdom
mv-0000562,22077,6 RIBBONS RUSTIC CHARM,1,2010-12-01 11:49:00,536412,1.65,17920,United Kingdom
mv-0000563,85049E,SCANDINAVIAN REDS RIBBONS,3,2010-12-01 11:49:00,536412,1.25,17920,United Kingdom
mv-0000564,22961,JAM MAKING SET PRINTED,24,2010-12-01 11:49:00,536412,1.45,17920,United Kingdom
mv-0000565,21448,12 DAISY PEGS IN WOOD BOX,2,2010-12-01 11:49:00,536412,1.65,17920,United Kingdom
mv-0000566,22837,HOT WATER BOTTLE BABUSHKA,3,2010-12-01 11:49:00,536412,4.65,17920,United Kingdom
mv-0000567,22749,FELTCRAFT PRINCESS CHARLOTTE DOLL,2,2010-12-01 11:49:00,536412,3.75,17920,United Kingdom
mv-0000568,22940,FELTCRAFT CHRISTMAS FAIRY,1,2010-12-01 11:49:00,536412,4.25,17920,United Kingdom
mv-0000569,22749,FELTCRAFT PRINCESS CHARLOTTE DOLL,1,2010-12-01 11:49:00,536412,3.75,17920,United Kingdom
mv-0000570,22077,6 RIBBONS RUSTIC CHARM,2,2010-12-01 11:49:00,536412,1.65,17920,United Kingdom
mv-0000571,21738,COSY SLIPPER SHOES SMALL  RED,2,2010-12-01 11:49:00,536412,2.95,17920,United Kingdom
mv-0000572,85049E,SCANDINAVIAN REDS RIBBONS,1,2010-12-01 11:49:00,536412,1.25,17920,United Kingdom
mv-0000573,22243,5 HOOK HANGER RED MAGIC TOADSTOOL,6,2010-12-01 11:49:00,536412,1.65,17920,United Kingdom
mv-0000574,22141,CHRISTMAS CRAFT TREE TOP ANGEL,1,2010-12-01 11:49:00,536412,2.10,17920,United Kingdom
mv-0000575,22144,CHRISTMAS CRAFT LITTLE FRIENDS,2,2010-12-01 11:49:00,536412,2.10,17920,United Kingdom
mv-0000576,22243,5 HOOK HANGER RED MAGIC TOADSTOOL,3,2010-12-01 11:49:00,536412,1.65,17920,United Kingdom
mv-0000577,22077,6 RIBBONS RUSTIC CHARM,7,2010-12-01 11:49:00,536412,1.65,17920,United Kingdom
mv-0000578,21448,12 DAISY PEGS IN WOOD BOX,1,2010-12-01 11:49:00,536412,1.65,17920,United Kingdom
mv-0000579,22759,SET OF 3 NOTEBOOKS IN PARCEL,5,2010-12-01 11:49:00,536412,1.65,17920,United Kingdom
mv-0000580,22242,5 HOOK HANGER MAGIC TOADSTOOL,5,2010-12-01 11:49:00,536412,1.65,17920,United Kingdom
mv-0000581,85049E,SCANDINAVIAN REDS RIBBONS,12,2010-12-01 11:49:00,536412,1.25,17920,United Kingdom
mv-0000582,21731,RED TOADSTOOL LED NIGHT LIGHT,5,2010-12-01 11:49:00,536412,1.65,17920,United Kingdom
mv-0000583,22243,5 HOOK HANGER RED MAGIC TOADSTOOL,1,2010-12-01 11:49:00,536412,1.65,17920,United Kingdom
mv-0000584,21739,COSY SLIPPER SHOES SMALL GREEN,2,2010-12-01 11:49:00,536412,2.95,17920,United Kingdom
mv-0000585,21738,COSY SLIPPER SHOES SMALL  RED,5,2010-12-01 11:49:00,536412,2.95,17920,United Kingdom
mv-0000586,22271,FELTCRAFT DOLL ROSIE,2,2010-12-01 11:49:00,536412,2.95,17920,United Kingdom
mv-0000587,22273,FELTCRAFT DOLL MOLLY,1,2010-12-01 11:49:00,536412,2.95,17920,United Kingdom
mv-0000588,22274,FELTCRAFT DOLL EMILY,2,2010-12-01 11:49:00,536412,2.95,17920,United Kingdom
mv-0000589,22749,FELTCRAFT PRINCESS CHARLOTTE DOLL,1,2010-12-01 11:49:00,536412,3.75,17920,United Kingdom
mv-0000590,22751,FELTCRAFT PRINCESS OLIVIA DOLL,2,2010-12-01 11:49:00,536412,3.75,17920,United Kingdom
mv-0000591,21034,REX CASH+CARRY JUMBO SHOPPER,1,2010-12-01 11:49:00,536412,0.95,17920,United Kingdom
mv-0000592,22273,FELTCRAFT DOLL MOLLY,2,2010-12-01 11:49:00,536412,2.95,17920,United Kingdom
mv-0000593,22568,FELTCRAFT CUSHION OWL,3,2010-12-01 11:49:00,536412,3.75,17920,United Kingdom
mv-0000594,22141,CHRISTMAS CRAFT TREE TOP ANGEL,1,2010-12-01 11:49:00,536412,2.10,17920,United Kingdom
mv-0000595,22144,CHRISTMAS CRAFT LITTLE FRIENDS,1,2010-12-01 11:49:00,536412,2.10,17920,United Kingdom
mv-0000596,22570,FELTCRAFT CUSHION RABBIT,3,2010-12-01 11:49:00,536412,3.75,17920,United Kingdom
mv-0000597,22569,FELTCRAFT CUSHION BUTTERFLY,2,2010-12-01 11:49:00,536412,3.75,17920,United Kingdom
mv-0000598,21448,12 DAISY PEGS IN WOOD BOX,1,2010-12-01 11:49:00,536412,1.65,17920,United Kingdom
mv-0000599,22086,PAPER CHAIN KIT 50'S CHRISTMAS,1,2010-12-01 11:49:00,536412,2.95,17920,United Kingdom
